phase,experiment,architecture_id,dataset,dataset_config,encoder,F,seed,validation_accuracy,validation_binding_score,test_accuracy,test_binding_score,primary_accuracy,maximum_logged_validation_accuracy,maximum_logged_validation_binding,entered_normalized_binding_regime,test_normalized_binding_regime,high_test_success_080,success,normalized_binding_regime_threshold,raw_equivalent_validation_threshold,present_value_baseline,global_chance_accuracy,d_input,d_model,n_layers,n_heads,head_dim,inner_dim,d_ff,parameter_count,batch_size,max_steps,final_step,learning_rate,weight_decay,elapsed_seconds,final_gradient_norm_before_clipping,final_q_rms,final_k_rms,final_v_rms,final_attention_logit_std,final_attention_entropy,final_attention_max_probability,learning_curve_csv
agnews_external_confirmation_F6,preregistered_agnews_external_confirmation_F6,H8_D32,AG News,,sentence-transformers/all-MiniLM-L6-v2,6,300,0.16357421875,-0.0037109374999999,0.169921875,0.00390625,0.169921875,0.180419921875,0.01650390625,False,False,False,False,0.4166666666666667,0.513888888888889,0.1666666666666666,0.0078125,384,512,6,8,32,256,3584,25447936,256,20000,20000,0.0001,0.0001,1097.104336977005,3.477508306503296,0.7391591717799505,0.9603386322657268,0.4356047213077545,2.166516184806824,1.2912171880404155,0.4637043327093124,agnews_external_confirmation_F6_H8_D32_F6_seed300.csv
agnews_external_confirmation_F6,preregistered_agnews_external_confirmation_F6,H8_D32,AG News,,sentence-transformers/all-MiniLM-L6-v2,6,301,0.1611328125,-0.0066406249999999,0.163818359375,-0.0034179687499999,0.163818359375,0.180419921875,0.01650390625,False,False,False,False,0.4166666666666667,0.513888888888889,0.1666666666666666,0.0078125,384,512,6,8,32,256,3584,25447936,256,20000,20000,0.0001,0.0001,1099.782618522644,3.604227304458618,0.7673467596371969,1.0058602094650269,0.4320275982220967,2.385522186756134,1.2782767216364543,0.4730086624622345,agnews_external_confirmation_F6_H8_D32_F6_seed301.csv
agnews_external_confirmation_F6,preregistered_agnews_external_confirmation_F6,H8_D32,AG News,,sentence-transformers/all-MiniLM-L6-v2,6,302,0.171875,0.00625,0.172607421875,0.00712890625,0.172607421875,0.17822265625,0.0138671875,False,False,False,False,0.4166666666666667,0.513888888888889,0.1666666666666666,0.0078125,384,512,6,8,32,256,3584,25447936,256,20000,20000,0.0001,0.0001,1099.95232796669,3.573551893234253,0.7256896992524465,1.0033091108004253,0.4280187934637069,2.332992931207021,1.3062869608402252,0.458451787630717,agnews_external_confirmation_F6_H8_D32_F6_seed302.csv
agnews_external_confirmation_F6,preregistered_agnews_external_confirmation_F6,H8_D32,AG News,,sentence-transformers/all-MiniLM-L6-v2,6,303,0.167724609375,0.00126953125,0.175048828125,0.01005859375,0.175048828125,0.17431640625,0.0091796875,False,False,False,False,0.4166666666666667,0.513888888888889,0.1666666666666666,0.0078125,384,512,6,8,32,256,3584,25447936,256,20000,20000,0.0001,0.0001,1099.0304987430573,3.3038880825042725,0.7640420496463776,0.989787389834722,0.4343757977088292,2.386325021584829,1.2647806803385415,0.4748477588097254,agnews_external_confirmation_F6_H8_D32_F6_seed303.csv
agnews_external_confirmation_F6,preregistered_agnews_external_confirmation_F6,H8_D32,AG News,,sentence-transformers/all-MiniLM-L6-v2,6,304,0.167724609375,0.00126953125,0.16455078125,-0.0025390624999999,0.16455078125,0.176025390625,0.01123046875,False,False,False,False,0.4166666666666667,0.513888888888889,0.1666666666666666,0.0078125,384,512,6,8,32,256,3584,25447936,256,20000,20000,0.0001,0.0001,1098.5062046051023,3.3896689414978027,0.7567561566829681,0.972000946601232,0.4351687431335449,2.1696837345759072,1.2708468635876973,0.4758160610993703,agnews_external_confirmation_F6_H8_D32_F6_seed304.csv
agnews_external_confirmation_F6,preregistered_agnews_external_confirmation_F6,H8_D32,AG News,,sentence-transformers/all-MiniLM-L6-v2,6,305,0.162841796875,-0.0045898437499999,0.16748046875,0.0009765625,0.16748046875,0.174072265625,0.00888671875,False,False,False,False,0.4166666666666667,0.513888888888889,0.1666666666666666,0.0078125,384,512,6,8,32,256,3584,25447936,256,20000,20000,0.0001,0.0001,1097.8632717132568,3.486566066741944,0.723677525917689,0.9587468107541404,0.4253912170728047,2.08555480837822,1.304999033610026,0.4536107381184895,agnews_external_confirmation_F6_H8_D32_F6_seed305.csv
agnews_external_confirmation_F6,preregistered_agnews_external_confirmation_F6,H8_D32,AG News,,sentence-transformers/all-MiniLM-L6-v2,6,306,0.1611328125,-0.0066406249999999,0.168212890625,0.00185546875,0.168212890625,0.177734375,0.01328125,False,False,False,False,0.4166666666666667,0.513888888888889,0.1666666666666666,0.0078125,384,512,6,8,32,256,3584,25447936,256,20000,20000,0.0001,0.0001,1099.4222412109375,3.29451322555542,0.7338880002498627,0.985985944668452,0.4234958241383235,2.2884910802046456,1.277140220006307,0.4693162937959035,agnews_external_confirmation_F6_H8_D32_F6_seed306.csv
agnews_external_confirmation_F6,preregistered_agnews_external_confirmation_F6,H8_D32,AG News,,sentence-transformers/all-MiniLM-L6-v2,6,307,0.16357421875,-0.0037109374999999,0.166015625,-0.0007812499999999,0.166015625,0.177734375,0.01328125,False,False,False,False,0.4166666666666667,0.513888888888889,0.1666666666666666,0.0078125,384,512,6,8,32,256,3584,25447936,256,20000,20000,0.0001,0.0001,1099.5050435066223,3.614543437957764,0.7627021074295044,0.9936606784661612,0.4427005499601364,2.3873605926831565,1.2598379254341123,0.4793435980876286,agnews_external_confirmation_F6_H8_D32_F6_seed307.csv
agnews_external_confirmation_F6,preregistered_agnews_external_confirmation_F6,H8_D32,AG News,,sentence-transformers/all-MiniLM-L6-v2,6,308,0.783935546875,0.74072265625,0.789306640625,0.74716796875,0.789306640625,0.783935546875,0.74072265625,True,True,False,True,0.4166666666666667,0.513888888888889,0.1666666666666666,0.0078125,384,512,6,8,32,256,3584,25447936,256,20000,20000,0.0001,0.0001,1098.575652360916,12.231432914733888,2.008206158876419,1.9625792900721235,0.5661847790082296,17.58778727054596,0.4461892545223236,0.8211277921994528,agnews_external_confirmation_F6_H8_D32_F6_seed308.csv
agnews_external_confirmation_F6,preregistered_agnews_external_confirmation_F6,H8_D32,AG News,,sentence-transformers/all-MiniLM-L6-v2,6,309,0.9326171875,0.919140625,0.932861328125,0.91943359375,0.932861328125,0.9326171875,0.919140625,True,True,True,True,0.4166666666666667,0.513888888888889,0.1666666666666666,0.0078125,384,512,6,8,32,256,3584,25447936,256,20000,20000,0.0001,0.0001,1093.978749036789,3.5624260902404785,1.8267573217550916,1.9142807523409529,0.5616873701413473,14.466947734355928,0.407394178211689,0.838370809952418,agnews_external_confirmation_F6_H8_D32_F6_seed309.csv
agnews_external_confirmation_F6,preregistered_agnews_external_confirmation_F6,H8_D32,AG News,,sentence-transformers/all-MiniLM-L6-v2,6,310,0.164306640625,-0.0028320312499999,0.17919921875,0.0150390625,0.17919921875,0.176025390625,0.01123046875,False,False,False,False,0.4166666666666667,0.513888888888889,0.1666666666666666,0.0078125,384,512,6,8,32,256,3584,25447936,256,20000,20000,0.0001,0.0001,1099.6735169887545,3.5013582706451416,0.7334195375442505,1.0131555795669556,0.4260125557581584,2.388871520757675,1.3070776561896007,0.4496287753184636,agnews_external_confirmation_F6_H8_D32_F6_seed310.csv
agnews_external_confirmation_F6,preregistered_agnews_external_confirmation_F6,H8_D32,AG News,,sentence-transformers/all-MiniLM-L6-v2,6,311,0.159423828125,-0.0086914062499999,0.1689453125,0.002734375,0.1689453125,0.173583984375,0.00830078125,False,False,False,False,0.4166666666666667,0.513888888888889,0.1666666666666666,0.0078125,384,512,6,8,32,256,3584,25447936,256,20000,20000,0.0001,0.0001,1100.3634650707245,3.251222848892212,0.7273605366547903,0.993985672791799,0.4329845408598582,2.292098273833593,1.295301516850789,0.461745614806811,agnews_external_confirmation_F6_H8_D32_F6_seed311.csv
agnews_external_confirmation_F6,preregistered_agnews_external_confirmation_F6,H8_D32,AG News,,sentence-transformers/all-MiniLM-L6-v2,6,312,0.16943359375,0.0033203125,0.163330078125,-0.0040039062499999,0.163330078125,0.18017578125,0.0162109375,False,False,False,False,0.4166666666666667,0.513888888888889,0.1666666666666666,0.0078125,384,512,6,8,32,256,3584,25447936,256,20000,20000,0.0001,0.0001,1100.2309713363647,3.484940767288208,0.8234115839004517,1.0113376379013062,0.4374261647462845,2.6458715001742044,1.1677720944086711,0.5449594805637995,agnews_external_confirmation_F6_H8_D32_F6_seed312.csv
agnews_external_confirmation_F6,preregistered_agnews_external_confirmation_F6,H8_D32,AG News,,sentence-transformers/all-MiniLM-L6-v2,6,313,0.162109375,-0.0054687499999999,0.177490234375,0.01298828125,0.177490234375,0.174560546875,0.00947265625,False,False,False,False,0.4166666666666667,0.513888888888889,0.1666666666666666,0.0078125,384,512,6,8,32,256,3584,25447936,256,20000,20000,0.0001,0.0001,1098.7679772377014,3.407072067260742,0.7796154071887335,0.988497624794642,0.4457197338342666,2.432801991701126,1.2545343140761058,0.482760747273763,agnews_external_confirmation_F6_H8_D32_F6_seed313.csv
agnews_external_confirmation_F6,preregistered_agnews_external_confirmation_F6,H8_D32,AG News,,sentence-transformers/all-MiniLM-L6-v2,6,314,0.166748046875,9.765625000001108e-05,0.16259765625,-0.0048828124999999,0.16259765625,0.1796875,0.015625,False,False,False,False,0.4166666666666667,0.513888888888889,0.1666666666666666,0.0078125,384,512,6,8,32,256,3584,25447936,256,20000,20000,0.0001,0.0001,1097.1797552108765,3.3272597789764404,0.7405270288387934,0.9689125915368398,0.4388793657223384,2.160084972778956,1.2884163558483124,0.465905949473381,agnews_external_confirmation_F6_H8_D32_F6_seed314.csv
agnews_external_confirmation_F6,preregistered_agnews_external_confirmation_F6,H8_D32,AG News,,sentence-transformers/all-MiniLM-L6-v2,6,315,0.175537109375,0.01064453125,0.16943359375,0.0033203125,0.16943359375,0.177001953125,0.01240234375,False,False,False,False,0.4166666666666667,0.513888888888889,0.1666666666666666,0.0078125,384,512,6,8,32,256,3584,25447936,256,20000,20000,0.0001,0.0001,1100.0219860076904,3.449572801589966,0.8058108041683832,1.0128861765066783,0.4411621292432149,2.492932081222534,1.2293922702471416,0.5099622557560602,agnews_external_confirmation_F6_H8_D32_F6_seed315.csv
agnews_external_confirmation_F6,preregistered_agnews_external_confirmation_F6,H8_D32,AG News,,sentence-transformers/all-MiniLM-L6-v2,6,316,0.38232421875,0.2587890625,0.37451171875,0.2494140625,0.37451171875,0.38232421875,0.2587890625,False,False,False,False,0.4166666666666667,0.513888888888889,0.1666666666666666,0.0078125,384,512,6,8,32,256,3584,25447936,256,20000,20000,0.0001,0.0001,1100.6784834861755,3.742538928985596,1.2150013893842695,1.299881120522817,0.5199818809827169,6.564555466175079,0.8386143843332926,0.6785426735877991,agnews_external_confirmation_F6_H8_D32_F6_seed316.csv
agnews_external_confirmation_F6,preregistered_agnews_external_confirmation_F6,H8_D32,AG News,,sentence-transformers/all-MiniLM-L6-v2,6,317,0.963134765625,0.95576171875,0.967041015625,0.96044921875,0.967041015625,0.96484375,0.9578125,True,True,True,True,0.4166666666666667,0.513888888888889,0.1666666666666666,0.0078125,384,512,6,8,32,256,3584,25447936,256,20000,20000,0.0001,0.0001,1088.6810834407806,3.865797519683838,1.7233038246631622,1.933743993441264,0.6017330288887024,12.093528946240744,0.4171079844236374,0.836966892083486,agnews_external_confirmation_F6_H8_D32_F6_seed317.csv
agnews_external_confirmation_F6,preregistered_agnews_external_confirmation_F6,H8_D32,AG News,,sentence-transformers/all-MiniLM-L6-v2,6,318,0.18310546875,0.0197265625,0.19140625,0.0296875,0.19140625,0.18359375,0.0203125,False,False,False,False,0.4166666666666667,0.513888888888889,0.1666666666666666,0.0078125,384,512,6,8,32,256,3584,25447936,256,20000,20000,0.0001,0.0001,1100.0178818702698,3.2591981887817383,1.012187376618385,1.0736750463644664,0.4492269456386566,3.947070280710856,1.027844786643982,0.5801224857568741,agnews_external_confirmation_F6_H8_D32_F6_seed318.csv
agnews_external_confirmation_F6,preregistered_agnews_external_confirmation_F6,H8_D32,AG News,,sentence-transformers/all-MiniLM-L6-v2,6,319,0.782958984375,0.7395507812500001,0.7724609375,0.726953125,0.7724609375,0.782958984375,0.7395507812500001,True,True,False,True,0.4166666666666667,0.513888888888889,0.1666666666666666,0.0078125,384,512,6,8,32,256,3584,25447936,256,20000,20000,0.0001,0.0001,1094.768891096115,6.865027904510498,2.0585917234420776,2.0944761435190835,0.538904627164205,19.92429985602697,0.399217315018177,0.8411834637324015,agnews_external_confirmation_F6_H8_D32_F6_seed319.csv
agnews_external_confirmation_F6,preregistered_agnews_external_confirmation_F6,H8_D32,AG News,,sentence-transformers/all-MiniLM-L6-v2,6,320,0.1767578125,0.012109375,0.167236328125,0.00068359375,0.167236328125,0.1767578125,0.012109375,False,False,False,False,0.4166666666666667,0.513888888888889,0.1666666666666666,0.0078125,384,512,6,8,32,256,3584,25447936,256,20000,20000,0.0001,0.0001,1097.5608022212982,3.4746363162994385,0.7618848731120428,0.962969442208608,0.4385417054096858,2.168750544389089,1.2925593157609303,0.4605844815572102,agnews_external_confirmation_F6_H8_D32_F6_seed320.csv
agnews_external_confirmation_F6,preregistered_agnews_external_confirmation_F6,H8_D32,AG News,,sentence-transformers/all-MiniLM-L6-v2,6,321,0.1650390625,-0.0019531249999999,0.1650390625,-0.0019531249999999,0.1650390625,0.170654296875,0.00478515625,False,False,False,False,0.4166666666666667,0.513888888888889,0.1666666666666666,0.0078125,384,512,6,8,32,256,3584,25447936,256,20000,20000,0.0001,0.0001,1099.2056939601898,3.375265121459961,0.7588826517264048,1.0224182605743408,0.4481643835703532,2.5289217631022134,1.2468881011009216,0.4854289541641871,agnews_external_confirmation_F6_H8_D32_F6_seed321.csv
agnews_external_confirmation_F6,preregistered_agnews_external_confirmation_F6,H8_D32,AG News,,sentence-transformers/all-MiniLM-L6-v2,6,322,0.302734375,0.16328125,0.3095703125,0.171484375,0.3095703125,0.302734375,0.16328125,False,False,False,False,0.4166666666666667,0.513888888888889,0.1666666666666666,0.0078125,384,512,6,8,32,256,3584,25447936,256,20000,20000,0.0001,0.0001,1099.7165694236755,3.648858785629273,1.1621419688065846,1.292607804139455,0.4846686273813247,6.366206248601277,0.8898394207159678,0.6570320874452591,agnews_external_confirmation_F6_H8_D32_F6_seed322.csv
agnews_external_confirmation_F6,preregistered_agnews_external_confirmation_F6,H8_D32,AG News,,sentence-transformers/all-MiniLM-L6-v2,6,323,0.842529296875,0.81103515625,0.83837890625,0.8060546875,0.83837890625,0.842529296875,0.81103515625,True,True,True,True,0.4166666666666667,0.513888888888889,0.1666666666666666,0.0078125,384,512,6,8,32,256,3584,25447936,256,20000,20000,0.0001,0.0001,1093.0211036205292,5.437196254730225,1.9006449282169344,2.090906818707784,0.5606360882520676,17.715191741784412,0.3854747215906779,0.8501197199026743,agnews_external_confirmation_F6_H8_D32_F6_seed323.csv
agnews_external_confirmation_F6,preregistered_agnews_external_confirmation_F6,H8_D32,AG News,,sentence-transformers/all-MiniLM-L6-v2,6,324,0.1767578125,0.012109375,0.173095703125,0.00771484375,0.173095703125,0.17822265625,0.0138671875,False,False,False,False,0.4166666666666667,0.513888888888889,0.1666666666666666,0.0078125,384,512,6,8,32,256,3584,25447936,256,20000,20000,0.0001,0.0001,1100.656213760376,3.369828224182129,0.9688844780127208,1.101992001136144,0.4442609796921412,3.8775883515675855,1.0173596342404685,0.5899974952141444,agnews_external_confirmation_F6_H8_D32_F6_seed324.csv
agnews_external_confirmation_F6,preregistered_agnews_external_confirmation_F6,H8_D32,AG News,,sentence-transformers/all-MiniLM-L6-v2,6,325,0.17626953125,0.0115234375,0.1611328125,-0.0066406249999999,0.1611328125,0.18115234375,0.0173828125,False,False,False,False,0.4166666666666667,0.513888888888889,0.1666666666666666,0.0078125,384,512,6,8,32,256,3584,25447936,256,20000,20000,0.0001,0.0001,1097.7491128444672,3.3641247749328613,0.7439118574062983,0.9400465687115988,0.4291414668162663,2.0219480196634927,1.3176671465237937,0.4580928534269333,agnews_external_confirmation_F6_H8_D32_F6_seed325.csv
agnews_external_confirmation_F6,preregistered_agnews_external_confirmation_F6,H8_D32,AG News,,sentence-transformers/all-MiniLM-L6-v2,6,326,0.168701171875,0.00244140625,0.172607421875,0.00712890625,0.172607421875,0.184814453125,0.02177734375,False,False,False,False,0.4166666666666667,0.513888888888889,0.1666666666666666,0.0078125,384,512,6,8,32,256,3584,25447936,256,20000,20000,0.0001,0.0001,1099.5196185112,3.529702663421631,0.7625697453816732,0.9476953645547233,0.4426014870405197,2.1428120930989585,1.303211083014806,0.4679699639479319,agnews_external_confirmation_F6_H8_D32_F6_seed326.csv
agnews_external_confirmation_F6,preregistered_agnews_external_confirmation_F6,H8_D32,AG News,,sentence-transformers/all-MiniLM-L6-v2,6,327,0.169677734375,0.00361328125,0.159912109375,-0.0081054687499999,0.159912109375,0.176513671875,0.01181640625,False,False,False,False,0.4166666666666667,0.513888888888889,0.1666666666666666,0.0078125,384,512,6,8,32,256,3584,25447936,256,20000,20000,0.0001,0.0001,1099.624927520752,3.3750460147857666,0.7499557038148245,0.9625441829363504,0.448191225528717,2.164729237556457,1.2743850847085316,0.475231538216273,agnews_external_confirmation_F6_H8_D32_F6_seed327.csv
agnews_external_confirmation_F6,preregistered_agnews_external_confirmation_F6,H8_D32,AG News,,sentence-transformers/all-MiniLM-L6-v2,6,328,0.293701171875,0.15244140625,0.30029296875,0.1603515625,0.30029296875,0.293701171875,0.15244140625,False,False,False,False,0.4166666666666667,0.513888888888889,0.1666666666666666,0.0078125,384,512,6,8,32,256,3584,25447936,256,20000,20000,0.0001,0.0001,1101.0977971553802,3.438455104827881,1.131034955382347,1.2498183250427246,0.4796550621589024,5.808328201373418,0.944384217262268,0.6370682815710703,agnews_external_confirmation_F6_H8_D32_F6_seed328.csv
agnews_external_confirmation_F6,preregistered_agnews_external_confirmation_F6,H8_D32,AG News,,sentence-transformers/all-MiniLM-L6-v2,6,329,0.710693359375,0.65283203125,0.7138671875,0.656640625,0.7138671875,0.710693359375,0.65283203125,True,True,False,True,0.4166666666666667,0.513888888888889,0.1666666666666666,0.0078125,384,512,6,8,32,256,3584,25447936,256,20000,20000,0.0001,0.0001,1097.5440046787262,7.030704021453857,1.7967955072720845,1.9504435857137044,0.5543189744154612,14.87643947203954,0.4514197657505671,0.8233267068862915,agnews_external_confirmation_F6_H8_D32_F6_seed329.csv
agnews_external_confirmation_F6,preregistered_agnews_external_confirmation_F6,H8_D32,AG News,,sentence-transformers/all-MiniLM-L6-v2,6,330,0.1611328125,-0.0066406249999999,0.171630859375,0.00595703125,0.171630859375,0.172607421875,0.00712890625,False,False,False,False,0.4166666666666667,0.513888888888889,0.1666666666666666,0.0078125,384,512,6,8,32,256,3584,25447936,256,20000,20000,0.0001,0.0001,1099.1389288902285,3.3480725288391118,0.7315995742877325,0.9452728231747946,0.4348542143901189,2.004199335972468,1.3103071053822837,0.4566604693730672,agnews_external_confirmation_F6_H8_D32_F6_seed330.csv
agnews_external_confirmation_F6,preregistered_agnews_external_confirmation_F6,H8_D32,AG News,,sentence-transformers/all-MiniLM-L6-v2,6,331,0.364990234375,0.23798828125,0.367919921875,0.24150390625,0.367919921875,0.364990234375,0.23798828125,False,False,False,False,0.4166666666666667,0.513888888888889,0.1666666666666666,0.0078125,384,512,6,8,32,256,3584,25447936,256,20000,20000,0.0001,0.0001,1098.517576932907,3.878387451171875,1.2805154075225194,1.3332660992940266,0.5238041033347448,6.632400661706924,0.8818365385135015,0.6577225128809611,agnews_external_confirmation_F6_H8_D32_F6_seed331.csv
agnews_external_confirmation_F6,preregistered_agnews_external_confirmation_F6,H8_D32,AG News,,sentence-transformers/all-MiniLM-L6-v2,6,332,0.1708984375,0.005078125,0.170654296875,0.00478515625,0.170654296875,0.171630859375,0.00595703125,False,False,False,False,0.4166666666666667,0.513888888888889,0.1666666666666666,0.0078125,384,512,6,8,32,256,3584,25447936,256,20000,20000,0.0001,0.0001,1102.2663507461548,3.369333267211914,0.7456465115149816,0.964982658624649,0.4293104062477748,2.2527765532334647,1.315315494934718,0.4486975967884063,agnews_external_confirmation_F6_H8_D32_F6_seed332.csv
agnews_external_confirmation_F6,preregistered_agnews_external_confirmation_F6,H8_D32,AG News,,sentence-transformers/all-MiniLM-L6-v2,6,333,0.1748046875,0.009765625,0.164306640625,-0.0028320312499999,0.164306640625,0.179931640625,0.01591796875,False,False,False,False,0.4166666666666667,0.513888888888889,0.1666666666666666,0.0078125,384,512,6,8,32,256,3584,25447936,256,20000,20000,0.0001,0.0001,1099.3675191402435,3.6456048488616943,0.7474164466063181,0.9716515044371288,0.4314475953578949,2.3586906592051187,1.2771328389644625,0.4681320488452911,agnews_external_confirmation_F6_H8_D32_F6_seed333.csv
agnews_external_confirmation_F6,preregistered_agnews_external_confirmation_F6,H8_D32,AG News,,sentence-transformers/all-MiniLM-L6-v2,6,334,0.16650390625,-0.0001953124999999,0.169921875,0.00390625,0.169921875,0.180908203125,0.01708984375,False,False,False,False,0.4166666666666667,0.513888888888889,0.1666666666666666,0.0078125,384,512,6,8,32,256,3584,25447936,256,20000,20000,0.0001,0.0001,1098.1387391090393,3.2928736209869385,0.7198158303896586,0.976082315047582,0.4311635345220566,2.163482358058294,1.3058280050754547,0.4540455838044484,agnews_external_confirmation_F6_H8_D32_F6_seed334.csv
agnews_external_confirmation_F6,preregistered_agnews_external_confirmation_F6,H8_D32,AG News,,sentence-transformers/all-MiniLM-L6-v2,6,335,0.16748046875,0.0009765625,0.171142578125,0.00537109375,0.171142578125,0.17626953125,0.0115234375,False,False,False,False,0.4166666666666667,0.513888888888889,0.1666666666666666,0.0078125,384,512,6,8,32,256,3584,25447936,256,20000,20000,0.0001,0.0001,1099.2377264499664,3.429612874984741,0.7432378729184469,0.9814107716083528,0.4349863628546397,2.251719315846761,1.270052045583725,0.4711202482382456,agnews_external_confirmation_F6_H8_D32_F6_seed335.csv
agnews_external_confirmation_F6,preregistered_agnews_external_confirmation_F6,H8_D32,AG News,,sentence-transformers/all-MiniLM-L6-v2,6,336,0.1611328125,-0.0066406249999999,0.16943359375,0.0033203125,0.16943359375,0.173828125,0.00859375,False,False,False,False,0.4166666666666667,0.513888888888889,0.1666666666666666,0.0078125,384,512,6,8,32,256,3584,25447936,256,20000,20000,0.0001,0.0001,1100.487517118454,3.4717438220977783,0.706307848294576,0.9001420040925344,0.4241801848014195,1.781876673301061,1.3526458541552226,0.4391431510448456,agnews_external_confirmation_F6_H8_D32_F6_seed336.csv
agnews_external_confirmation_F6,preregistered_agnews_external_confirmation_F6,H8_D32,AG News,,sentence-transformers/all-MiniLM-L6-v2,6,337,0.173095703125,0.00771484375,0.17041015625,0.0044921875,0.17041015625,0.1767578125,0.012109375,False,False,False,False,0.4166666666666667,0.513888888888889,0.1666666666666666,0.0078125,384,512,6,8,32,256,3584,25447936,256,20000,20000,0.0001,0.0001,1099.1244587898254,3.50077486038208,0.8106024265289307,1.0315207839012146,0.4408643494049708,2.785804013411204,1.171745280424754,0.5158101965983709,agnews_external_confirmation_F6_H8_D32_F6_seed337.csv
agnews_external_confirmation_F6,preregistered_agnews_external_confirmation_F6,H8_D32,AG News,,sentence-transformers/all-MiniLM-L6-v2,6,338,0.962158203125,0.95458984375,0.965087890625,0.95810546875,0.965087890625,0.962158203125,0.95458984375,True,True,True,True,0.4166666666666667,0.513888888888889,0.1666666666666666,0.0078125,384,512,6,8,32,256,3584,25447936,256,20000,20000,0.0001,0.0001,1091.1805248260498,3.28337025642395,1.9202013909816744,1.928526024023692,0.5827589482069016,14.606395999590555,0.4217509056131045,0.8319917420546213,agnews_external_confirmation_F6_H8_D32_F6_seed338.csv
agnews_external_confirmation_F6,preregistered_agnews_external_confirmation_F6,H8_D32,AG News,,sentence-transformers/all-MiniLM-L6-v2,6,339,0.166748046875,9.765625000001108e-05,0.175537109375,0.01064453125,0.175537109375,0.176025390625,0.01123046875,False,False,False,False,0.4166666666666667,0.513888888888889,0.1666666666666666,0.0078125,384,512,6,8,32,256,3584,25447936,256,20000,20000,0.0001,0.0001,917.8434841632844,3.397050380706787,0.7823072820901871,0.9513448973496756,0.4354111005862554,2.2388148109118142,1.2646768192450206,0.4929694732030232,agnews_external_confirmation_F6_H8_D32_F6_seed339.csv
agnews_external_confirmation_F6,preregistered_agnews_external_confirmation_F6,H8_D32,AG News,,sentence-transformers/all-MiniLM-L6-v2,6,340,0.166748046875,9.765625000001108e-05,0.161865234375,-0.0057617187499999,0.161865234375,0.175048828125,0.01005859375,False,False,False,False,0.4166666666666667,0.513888888888889,0.1666666666666666,0.0078125,384,512,6,8,32,256,3584,25447936,256,20000,20000,0.0001,0.0001,1059.6969492435455,3.40939736366272,0.7630551854769388,0.9801473518212636,0.4400807470083236,2.3583244184652963,1.2532456715901692,0.4946062962214152,agnews_external_confirmation_F6_H8_D32_F6_seed340.csv
agnews_external_confirmation_F6,preregistered_agnews_external_confirmation_F6,H8_D32,AG News,,sentence-transformers/all-MiniLM-L6-v2,6,341,0.16162109375,-0.0060546874999999,0.17138671875,0.0056640625,0.17138671875,0.17138671875,0.0056640625,False,False,False,False,0.4166666666666667,0.513888888888889,0.1666666666666666,0.0078125,384,512,6,8,32,256,3584,25447936,256,20000,20000,0.0001,0.0001,1060.4428775310516,3.1885790824890137,0.7157366722822189,0.961265355348587,0.422489196062088,2.217566857735316,1.3399895926316578,0.442027469476064,agnews_external_confirmation_F6_H8_D32_F6_seed341.csv
agnews_external_confirmation_F6,preregistered_agnews_external_confirmation_F6,H8_D32,AG News,,sentence-transformers/all-MiniLM-L6-v2,6,342,0.8271484375,0.792578125,0.830078125,0.79609375,0.830078125,0.8271484375,0.792578125,True,True,True,True,0.4166666666666667,0.513888888888889,0.1666666666666666,0.0078125,384,512,6,8,32,256,3584,25447936,256,20000,20000,0.0001,0.0001,1055.0027379989624,6.220742225646973,2.2615720431009927,2.1699726581573486,0.5466908812522888,22.49952842791875,0.3643017063538233,0.8548060655593872,agnews_external_confirmation_F6_H8_D32_F6_seed342.csv
agnews_external_confirmation_F6,preregistered_agnews_external_confirmation_F6,H8_D32,AG News,,sentence-transformers/all-MiniLM-L6-v2,6,343,0.1748046875,0.009765625,0.171875,0.00625,0.171875,0.182861328125,0.01943359375,False,False,False,False,0.4166666666666667,0.513888888888889,0.1666666666666666,0.0078125,384,512,6,8,32,256,3584,25447936,256,20000,20000,0.0001,0.0001,1058.6071248054504,3.370121955871582,0.7503942797581354,0.9665205776691436,0.4335623184839884,2.301971157391866,1.3064590990543363,0.4618254254261653,agnews_external_confirmation_F6_H8_D32_F6_seed343.csv
agnews_external_confirmation_F6,preregistered_agnews_external_confirmation_F6,H8_D32,AG News,,sentence-transformers/all-MiniLM-L6-v2,6,344,0.175537109375,0.01064453125,0.164306640625,-0.0028320312499999,0.164306640625,0.179443359375,0.01533203125,False,False,False,False,0.4166666666666667,0.513888888888889,0.1666666666666666,0.0078125,384,512,6,8,32,256,3584,25447936,256,20000,20000,0.0001,0.0001,1059.0486361980438,3.396958351135254,0.7398558855056763,1.0036302506923676,0.4354392339785893,2.342761447032293,1.2842834790547688,0.4678032497564952,agnews_external_confirmation_F6_H8_D32_F6_seed344.csv
agnews_external_confirmation_F6,preregistered_agnews_external_confirmation_F6,H8_D32,AG News,,sentence-transformers/all-MiniLM-L6-v2,6,345,0.171630859375,0.00595703125,0.17236328125,0.0068359375,0.17236328125,0.177001953125,0.01240234375,False,False,False,False,0.4166666666666667,0.513888888888889,0.1666666666666666,0.0078125,384,512,6,8,32,256,3584,25447936,256,20000,20000,0.0001,0.0001,1061.3839237689972,3.2513861656188965,0.770575816432635,1.053474376598994,0.441465213894844,2.5947067638238277,1.228495458761851,0.4941757768392563,agnews_external_confirmation_F6_H8_D32_F6_seed345.csv
agnews_external_confirmation_F6,preregistered_agnews_external_confirmation_F6,H8_D32,AG News,,sentence-transformers/all-MiniLM-L6-v2,6,346,0.1669921875,0.000390625,0.16845703125,0.0021484375,0.16845703125,0.181640625,0.01796875,False,False,False,False,0.4166666666666667,0.513888888888889,0.1666666666666666,0.0078125,384,512,6,8,32,256,3584,25447936,256,20000,20000,0.0001,0.0001,1063.6320548057556,3.5062551498413086,0.7887902160485586,1.0063710709412892,0.4421446174383163,2.5458282132943477,1.2011646032333374,0.5254867672920227,agnews_external_confirmation_F6_H8_D32_F6_seed346.csv
agnews_external_confirmation_F6,preregistered_agnews_external_confirmation_F6,H8_D32,AG News,,sentence-transformers/all-MiniLM-L6-v2,6,347,0.171142578125,0.00537109375,0.17041015625,0.0044921875,0.17041015625,0.18017578125,0.0162109375,False,False,False,False,0.4166666666666667,0.513888888888889,0.1666666666666666,0.0078125,384,512,6,8,32,256,3584,25447936,256,20000,20000,0.0001,0.0001,1067.2223737239838,3.454519033432007,0.7668577482302984,0.9609476129213969,0.4357128043969472,2.274338622887929,1.283654789129893,0.4690629194180171,agnews_external_confirmation_F6_H8_D32_F6_seed347.csv
agnews_external_confirmation_F6,preregistered_agnews_external_confirmation_F6,H8_D32,AG News,,sentence-transformers/all-MiniLM-L6-v2,6,348,0.174072265625,0.00888671875,0.16796875,0.0015625,0.16796875,0.180419921875,0.01650390625,False,False,False,False,0.4166666666666667,0.513888888888889,0.1666666666666666,0.0078125,384,512,6,8,32,256,3584,25447936,256,20000,20000,0.0001,0.0001,1070.757613182068,3.255400419235229,0.7352668891350428,0.93377423286438,0.4230108658472697,2.034318765004476,1.330953598022461,0.4462157984574635,agnews_external_confirmation_F6_H8_D32_F6_seed348.csv
agnews_external_confirmation_F6,preregistered_agnews_external_confirmation_F6,H8_D32,AG News,,sentence-transformers/all-MiniLM-L6-v2,6,349,0.816162109375,0.77939453125,0.830810546875,0.79697265625,0.830810546875,0.816162109375,0.77939453125,True,True,True,True,0.4166666666666667,0.513888888888889,0.1666666666666666,0.0078125,384,512,6,8,32,256,3584,25447936,256,20000,20000,0.0001,0.0001,1058.2225108146667,7.038168907165527,2.229153682788213,2.142444014549256,0.5401932100454966,22.42438205083211,0.3835757424434026,0.8473351001739502,agnews_external_confirmation_F6_H8_D32_F6_seed349.csv
agnews_external_confirmation_F6,preregistered_agnews_external_confirmation_F6,H8_D32,AG News,,sentence-transformers/all-MiniLM-L6-v2,6,350,0.1640625,-0.0031249999999999,0.163330078125,-0.0040039062499999,0.163330078125,0.17626953125,0.0115234375,False,False,False,False,0.4166666666666667,0.513888888888889,0.1666666666666666,0.0078125,384,512,6,8,32,256,3584,25447936,256,20000,20000,0.0001,0.0001,1063.0073211193085,3.5024001598358154,0.7414763321479162,0.965968539317449,0.42576930920283,2.1386883556842804,1.2921938300132751,0.4606861819823583,agnews_external_confirmation_F6_H8_D32_F6_seed350.csv
agnews_external_confirmation_F6,preregistered_agnews_external_confirmation_F6,H8_D32,AG News,,sentence-transformers/all-MiniLM-L6-v2,6,351,0.159423828125,-0.0086914062499999,0.1591796875,-0.0089843749999999,0.1591796875,0.171142578125,0.00537109375,False,False,False,False,0.4166666666666667,0.513888888888889,0.1666666666666666,0.0078125,384,512,6,8,32,256,3584,25447936,256,20000,20000,0.0001,0.0001,1061.836786031723,3.388779401779175,0.7340525637070338,0.9459882179896036,0.4227378169695536,2.121880302826564,1.3333714604377749,0.4438212911287943,agnews_external_confirmation_F6_H8_D32_F6_seed351.csv
agnews_external_confirmation_F6,preregistered_agnews_external_confirmation_F6,H8_D32,AG News,,sentence-transformers/all-MiniLM-L6-v2,6,352,0.172119140625,0.00654296875,0.161376953125,-0.0063476562499999,0.161376953125,0.17529296875,0.0103515625,False,False,False,False,0.4166666666666667,0.513888888888889,0.1666666666666666,0.0078125,384,512,6,8,32,256,3584,25447936,256,20000,20000,0.0001,0.0001,1072.2995059490204,3.30293869972229,0.7309180100758871,0.9565812548001608,0.4291467070579529,2.2620235780874887,1.327668269475301,0.4458873619635899,agnews_external_confirmation_F6_H8_D32_F6_seed352.csv
agnews_external_confirmation_F6,preregistered_agnews_external_confirmation_F6,H8_D32,AG News,,sentence-transformers/all-MiniLM-L6-v2,6,353,0.160888671875,-0.0069335937499999,0.15869140625,-0.0095703124999999,0.15869140625,0.1708984375,0.005078125,False,False,False,False,0.4166666666666667,0.513888888888889,0.1666666666666666,0.0078125,384,512,6,8,32,256,3584,25447936,256,20000,20000,0.0001,0.0001,1071.5764746665957,3.461901426315308,0.7584651460250219,0.9928742746512096,0.4376637538274129,2.4210132360458374,1.2767283618450165,0.4683377146720886,agnews_external_confirmation_F6_H8_D32_F6_seed353.csv
agnews_external_confirmation_F6,preregistered_agnews_external_confirmation_F6,H8_D32,AG News,,sentence-transformers/all-MiniLM-L6-v2,6,354,0.166259765625,-0.0004882812499999,0.169189453125,0.00302734375,0.169189453125,0.171875,0.00625,False,False,False,False,0.4166666666666667,0.513888888888889,0.1666666666666666,0.0078125,384,512,6,8,32,256,3584,25447936,256,20000,20000,0.0001,0.0001,1071.8853816986084,3.299450159072876,0.7326865047216415,0.9754105707009634,0.4339669942855835,2.1267039080460868,1.2976309458414714,0.4621698806683222,agnews_external_confirmation_F6_H8_D32_F6_seed354.csv
agnews_external_confirmation_F6,preregistered_agnews_external_confirmation_F6,H8_D32,AG News,,sentence-transformers/all-MiniLM-L6-v2,6,355,0.965087890625,0.95810546875,0.96533203125,0.9583984375,0.96533203125,0.966796875,0.96015625,True,True,True,True,0.4166666666666667,0.513888888888889,0.1666666666666666,0.0078125,384,512,6,8,32,256,3584,25447936,256,20000,20000,0.0001,0.0001,1065.7352290153503,2.9915859699249268,1.830997238556544,1.9579564929008484,0.5743202219406763,13.922263165314993,0.4059101616342862,0.8413881758848826,agnews_external_confirmation_F6_H8_D32_F6_seed355.csv
agnews_external_confirmation_F6,preregistered_agnews_external_confirmation_F6,H8_D32,AG News,,sentence-transformers/all-MiniLM-L6-v2,6,356,0.412841796875,0.29541015625,0.419921875,0.30390625,0.419921875,0.412841796875,0.29541015625,False,False,False,False,0.4166666666666667,0.513888888888889,0.1666666666666666,0.0078125,384,512,6,8,32,256,3584,25447936,256,20000,20000,0.0001,0.0001,1063.0189590454102,3.891101837158203,1.571656664212545,1.4760533372561138,0.4999815424283345,9.003681679566702,0.6320040673017502,0.7480530341466268,agnews_external_confirmation_F6_H8_D32_F6_seed356.csv
agnews_external_confirmation_F6,preregistered_agnews_external_confirmation_F6,H8_D32,AG News,,sentence-transformers/all-MiniLM-L6-v2,6,357,0.16357421875,-0.0037109374999999,0.172119140625,0.00654296875,0.172119140625,0.17578125,0.0109375,False,False,False,False,0.4166666666666667,0.513888888888889,0.1666666666666666,0.0078125,384,512,6,8,32,256,3584,25447936,256,20000,20000,0.0001,0.0001,1060.8014767169952,3.4260497093200684,0.7643311570088068,0.9745738605658212,0.442710076769193,2.3489160935084024,1.2451702058315277,0.4822769860426585,agnews_external_confirmation_F6_H8_D32_F6_seed357.csv
agnews_external_confirmation_F6,preregistered_agnews_external_confirmation_F6,H8_D32,AG News,,sentence-transformers/all-MiniLM-L6-v2,6,358,0.166259765625,-0.0004882812499999,0.17041015625,0.0044921875,0.17041015625,0.173583984375,0.00830078125,False,False,False,False,0.4166666666666667,0.513888888888889,0.1666666666666666,0.0078125,384,512,6,8,32,256,3584,25447936,256,20000,20000,0.0001,0.0001,1061.045003414154,3.3140273094177246,0.7325701961914698,0.9225643078486124,0.4355197548866272,1.934075891971588,1.3202506999174757,0.4553486506144206,agnews_external_confirmation_F6_H8_D32_F6_seed358.csv
agnews_external_confirmation_F6,preregistered_agnews_external_confirmation_F6,H8_D32,AG News,,sentence-transformers/all-MiniLM-L6-v2,6,359,0.17822265625,0.0138671875,0.16943359375,0.0033203125,0.16943359375,0.18017578125,0.0162109375,False,False,False,False,0.4166666666666667,0.513888888888889,0.1666666666666666,0.0078125,384,512,6,8,32,256,3584,25447936,256,20000,20000,0.0001,0.0001,1060.2794897556305,3.334012508392334,0.7502644608418146,0.9694123168786368,0.4288983245690663,2.2290713787078857,1.287925402323405,0.4689531574646632,agnews_external_confirmation_F6_H8_D32_F6_seed359.csv
agnews_external_confirmation_F6,preregistered_agnews_external_confirmation_F6,H8_D32,AG News,,sentence-transformers/all-MiniLM-L6-v2,6,360,0.1796875,0.015625,0.167236328125,0.00068359375,0.167236328125,0.18017578125,0.0162109375,False,False,False,False,0.4166666666666667,0.513888888888889,0.1666666666666666,0.0078125,384,512,6,8,32,256,3584,25447936,256,20000,20000,0.0001,0.0001,1059.3169553279877,3.4230666160583496,0.7698551366726557,1.024920493364334,0.4301680574814479,2.597979466120402,1.2777909139792123,0.4757870584726333,agnews_external_confirmation_F6_H8_D32_F6_seed360.csv
agnews_external_confirmation_F6,preregistered_agnews_external_confirmation_F6,H8_D32,AG News,,sentence-transformers/all-MiniLM-L6-v2,6,361,0.1640625,-0.0031249999999999,0.15380859375,-0.0154296874999999,0.15380859375,0.17724609375,0.0126953125,False,False,False,False,0.4166666666666667,0.513888888888889,0.1666666666666666,0.0078125,384,512,6,8,32,256,3584,25447936,256,20000,20000,0.0001,0.0001,1061.788773059845,3.463306665420532,0.7438126107056936,0.9913881520430248,0.4259200394153595,2.359549582004547,1.3154559632142384,0.4550944914420445,agnews_external_confirmation_F6_H8_D32_F6_seed361.csv
agnews_external_confirmation_F6,preregistered_agnews_external_confirmation_F6,H8_D32,AG News,,sentence-transformers/all-MiniLM-L6-v2,6,362,0.16650390625,-0.0001953124999999,0.165283203125,-0.0016601562499999,0.165283203125,0.177001953125,0.01240234375,False,False,False,False,0.4166666666666667,0.513888888888889,0.1666666666666666,0.0078125,384,512,6,8,32,256,3584,25447936,256,20000,20000,0.0001,0.0001,1060.2005524635315,3.30384373664856,0.7434635857741038,0.9564486344655356,0.433405910929044,2.1442653934160867,1.2908601661523182,0.4619963268438975,agnews_external_confirmation_F6_H8_D32_F6_seed362.csv
agnews_external_confirmation_F6,preregistered_agnews_external_confirmation_F6,H8_D32,AG News,,sentence-transformers/all-MiniLM-L6-v2,6,363,0.168701171875,0.00244140625,0.16943359375,0.0033203125,0.16943359375,0.175048828125,0.01005859375,False,False,False,False,0.4166666666666667,0.513888888888889,0.1666666666666666,0.0078125,384,512,6,8,32,256,3584,25447936,256,20000,20000,0.0001,0.0001,1066.1727421283722,3.463947057723999,0.7448864281177521,1.0030510524908702,0.4364940027395884,2.460067719221115,1.2834645509719849,0.4690423160791397,agnews_external_confirmation_F6_H8_D32_F6_seed363.csv
agnews_external_confirmation_F6,preregistered_agnews_external_confirmation_F6,H8_D32,AG News,,sentence-transformers/all-MiniLM-L6-v2,6,364,0.175048828125,0.01005859375,0.17041015625,0.0044921875,0.17041015625,0.175048828125,0.01005859375,False,False,False,False,0.4166666666666667,0.513888888888889,0.1666666666666666,0.0078125,384,512,6,8,32,256,3584,25447936,256,20000,20000,0.0001,0.0001,1066.7315447330477,3.305602788925171,0.7517469972372055,0.94477379322052,0.4392704119284947,2.1462126473585763,1.2888568739096324,0.4626236905654271,agnews_external_confirmation_F6_H8_D32_F6_seed364.csv
agnews_external_confirmation_F6,preregistered_agnews_external_confirmation_F6,H8_D32,AG News,,sentence-transformers/all-MiniLM-L6-v2,6,365,0.1611328125,-0.0066406249999999,0.1630859375,-0.0042968749999999,0.1630859375,0.17333984375,0.0080078125,False,False,False,False,0.4166666666666667,0.513888888888889,0.1666666666666666,0.0078125,384,512,6,8,32,256,3584,25447936,256,20000,20000,0.0001,0.0001,1061.4649589061737,3.345872402191162,0.7416917433341345,1.0086269080638883,0.4350786457459132,2.3536313076814017,1.261843850215276,0.4858788748582204,agnews_external_confirmation_F6_H8_D32_F6_seed365.csv
agnews_external_confirmation_F6,preregistered_agnews_external_confirmation_F6,H8_D32,AG News,,sentence-transformers/all-MiniLM-L6-v2,6,366,0.1689453125,0.002734375,0.162353515625,-0.0051757812499999,0.162353515625,0.172607421875,0.00712890625,False,False,False,False,0.4166666666666667,0.513888888888889,0.1666666666666666,0.0078125,384,512,6,8,32,256,3584,25447936,256,20000,20000,0.0001,0.0001,1060.2395796775818,3.741144895553589,0.7319204062223434,0.9365206062793732,0.4337638914585113,1.9893409411112468,1.3088199893633523,0.451957310239474,agnews_external_confirmation_F6_H8_D32_F6_seed366.csv
agnews_external_confirmation_F6,preregistered_agnews_external_confirmation_F6,H8_D32,AG News,,sentence-transformers/all-MiniLM-L6-v2,6,367,0.167236328125,0.00068359375,0.1689453125,0.002734375,0.1689453125,0.17919921875,0.0150390625,False,False,False,False,0.4166666666666667,0.513888888888889,0.1666666666666666,0.0078125,384,512,6,8,32,256,3584,25447936,256,20000,20000,0.0001,0.0001,1060.6172370910645,3.316636562347412,0.7476029545068741,0.9666800498962402,0.4295136382182439,2.2391915122667947,1.3023522694905598,0.4668970108032226,agnews_external_confirmation_F6_H8_D32_F6_seed367.csv
agnews_external_confirmation_F6,preregistered_agnews_external_confirmation_F6,H8_D32,AG News,,sentence-transformers/all-MiniLM-L6-v2,6,368,0.163818359375,-0.0034179687499999,0.16650390625,-0.0001953124999999,0.16650390625,0.177978515625,0.01357421875,False,False,False,False,0.4166666666666667,0.513888888888889,0.1666666666666666,0.0078125,384,512,6,8,32,256,3584,25447936,256,20000,20000,0.0001,0.0001,1059.0777280330658,3.264601707458496,0.7667236228783926,0.9916314780712128,0.4339503198862076,2.3330290019512177,1.2636432150999706,0.4735699196656545,agnews_external_confirmation_F6_H8_D32_F6_seed368.csv
agnews_external_confirmation_F6,preregistered_agnews_external_confirmation_F6,H8_D32,AG News,,sentence-transformers/all-MiniLM-L6-v2,6,369,0.2939453125,0.152734375,0.291748046875,0.15009765625,0.291748046875,0.2939453125,0.152734375,False,False,False,False,0.4166666666666667,0.513888888888889,0.1666666666666666,0.0078125,384,512,6,8,32,256,3584,25447936,256,20000,20000,0.0001,0.0001,1059.2346336841583,3.6526381969451904,1.1213356504837673,1.258862058321635,0.4826088945070902,5.798427770535152,0.950921376546224,0.6342834830284119,agnews_external_confirmation_F6_H8_D32_F6_seed369.csv
agnews_external_confirmation_F6,preregistered_agnews_external_confirmation_F6,H8_D32,AG News,,sentence-transformers/all-MiniLM-L6-v2,6,370,0.169921875,0.00390625,0.170654296875,0.00478515625,0.170654296875,0.179931640625,0.01591796875,False,False,False,False,0.4166666666666667,0.513888888888889,0.1666666666666666,0.0078125,384,512,6,8,32,256,3584,25447936,256,20000,20000,0.0001,0.0001,1059.5987420082092,3.190672874450684,0.7302423467238744,0.9627844095230104,0.4276746263106664,2.052964041630427,1.344646950562795,0.4471340676148732,agnews_external_confirmation_F6_H8_D32_F6_seed370.csv
agnews_external_confirmation_F6,preregistered_agnews_external_confirmation_F6,H8_D32,AG News,,sentence-transformers/all-MiniLM-L6-v2,6,371,0.171630859375,0.00595703125,0.167724609375,0.00126953125,0.167724609375,0.179443359375,0.01533203125,False,False,False,False,0.4166666666666667,0.513888888888889,0.1666666666666666,0.0078125,384,512,6,8,32,256,3584,25447936,256,20000,20000,0.0001,0.0001,1062.7889788150787,3.4223291873931885,0.7505651315053304,0.9909378190835316,0.4269985308249791,2.498583962519964,1.282359818617503,0.4696395993232727,agnews_external_confirmation_F6_H8_D32_F6_seed371.csv
agnews_external_confirmation_F6,preregistered_agnews_external_confirmation_F6,H8_D32,AG News,,sentence-transformers/all-MiniLM-L6-v2,6,372,0.168701171875,0.00244140625,0.16455078125,-0.0025390624999999,0.16455078125,0.1796875,0.015625,False,False,False,False,0.4166666666666667,0.513888888888889,0.1666666666666666,0.0078125,384,512,6,8,32,256,3584,25447936,256,20000,20000,0.0001,0.0001,1063.2713243961334,3.337902069091797,0.7303877125183741,0.9437883396943412,0.4327847460905711,2.024432828028997,1.3045498232046764,0.4547784229119618,agnews_external_confirmation_F6_H8_D32_F6_seed372.csv
agnews_external_confirmation_F6,preregistered_agnews_external_confirmation_F6,H8_D32,AG News,,sentence-transformers/all-MiniLM-L6-v2,6,373,0.1630859375,-0.0042968749999999,0.16455078125,-0.0025390624999999,0.16455078125,0.17919921875,0.0150390625,False,False,False,False,0.4166666666666667,0.513888888888889,0.1666666666666666,0.0078125,384,512,6,8,32,256,3584,25447936,256,20000,20000,0.0001,0.0001,1064.1963517665863,3.247235059738159,0.7407712539037069,0.9262941082318624,0.4348195244868596,2.010822226603826,1.303216964006424,0.4610523035128911,agnews_external_confirmation_F6_H8_D32_F6_seed373.csv
agnews_external_confirmation_F6,preregistered_agnews_external_confirmation_F6,H8_D32,AG News,,sentence-transformers/all-MiniLM-L6-v2,6,374,0.156494140625,-0.0122070312499999,0.171875,0.00625,0.171875,0.179931640625,0.01591796875,False,False,False,False,0.4166666666666667,0.513888888888889,0.1666666666666666,0.0078125,384,512,6,8,32,256,3584,25447936,256,20000,20000,0.0001,0.0001,1063.2844772338867,3.5136947631835938,0.7630191693703333,0.9653727213541666,0.437273159623146,2.2932362258434296,1.2741486430168152,0.4714226226011912,agnews_external_confirmation_F6_H8_D32_F6_seed374.csv
agnews_external_confirmation_F6,preregistered_agnews_external_confirmation_F6,H8_D32,AG News,,sentence-transformers/all-MiniLM-L6-v2,6,375,0.166015625,-0.0007812499999999,0.162841796875,-0.0045898437499999,0.162841796875,0.178955078125,0.01474609375,False,False,False,False,0.4166666666666667,0.513888888888889,0.1666666666666666,0.0078125,384,512,6,8,32,256,3584,25447936,256,20000,20000,0.0001,0.0001,1063.4932007789612,3.39332914352417,0.7616790235042572,1.0060513615608215,0.4456225136915843,2.467899739742279,1.242143382628759,0.484446922938029,agnews_external_confirmation_F6_H8_D32_F6_seed375.csv
agnews_external_confirmation_F6,preregistered_agnews_external_confirmation_F6,H8_D32,AG News,,sentence-transformers/all-MiniLM-L6-v2,6,376,0.175048828125,0.01005859375,0.179931640625,0.01591796875,0.179931640625,0.176513671875,0.01181640625,False,False,False,False,0.4166666666666667,0.513888888888889,0.1666666666666666,0.0078125,384,512,6,8,32,256,3584,25447936,256,20000,20000,0.0001,0.0001,1065.4607920646667,3.465623617172241,0.7544063776731491,0.9584766527016958,0.4317967394987742,2.173920820156733,1.3250029981136322,0.4554643481969833,agnews_external_confirmation_F6_H8_D32_F6_seed376.csv
agnews_external_confirmation_F6,preregistered_agnews_external_confirmation_F6,H8_D32,AG News,,sentence-transformers/all-MiniLM-L6-v2,6,377,0.170166015625,0.00419921875,0.170166015625,0.00419921875,0.170166015625,0.18115234375,0.0173828125,False,False,False,False,0.4166666666666667,0.513888888888889,0.1666666666666666,0.0078125,384,512,6,8,32,256,3584,25447936,256,20000,20000,0.0001,0.0001,1064.6316101551056,3.449292659759521,0.8110774258772532,1.07662495970726,0.4416299959023793,2.8861940105756125,1.1618985037008922,0.5206664800643921,agnews_external_confirmation_F6_H8_D32_F6_seed377.csv
agnews_external_confirmation_F6,preregistered_agnews_external_confirmation_F6,H8_D32,AG News,,sentence-transformers/all-MiniLM-L6-v2,6,378,0.165771484375,-0.0010742187499999,0.176025390625,0.01123046875,0.176025390625,0.1787109375,0.014453125,False,False,False,False,0.4166666666666667,0.513888888888889,0.1666666666666666,0.0078125,384,512,6,8,32,256,3584,25447936,256,20000,20000,0.0001,0.0001,1064.7452504634855,3.193466663360596,0.779560461640358,1.031015306711197,0.4405287206172943,2.6123568415641785,1.198930819829305,0.5027318696180979,agnews_external_confirmation_F6_H8_D32_F6_seed378.csv
agnews_external_confirmation_F6,preregistered_agnews_external_confirmation_F6,H8_D32,AG News,,sentence-transformers/all-MiniLM-L6-v2,6,379,0.172607421875,0.00712890625,0.166748046875,9.765625000001108e-05,0.166748046875,0.177734375,0.01328125,False,False,False,False,0.4166666666666667,0.513888888888889,0.1666666666666666,0.0078125,384,512,6,8,32,256,3584,25447936,256,20000,20000,0.0001,0.0001,513.0892066955566,3.703908681869507,0.786985437075297,0.965809573729833,0.4451954464117686,2.3299840887387595,1.2527197897434237,0.4883342335621516,agnews_external_confirmation_F6_H8_D32_F6_seed379.csv
agnews_external_confirmation_F6,preregistered_agnews_external_confirmation_F6,H8_D32,AG News,,sentence-transformers/all-MiniLM-L6-v2,6,380,0.697265625,0.63671875,0.70361328125,0.6443359375000001,0.70361328125,0.697265625,0.63671875,True,True,False,True,0.4166666666666667,0.513888888888889,0.1666666666666666,0.0078125,384,512,6,8,32,256,3584,25447936,256,20000,20000,0.0001,0.0001,1120.387261390686,8.095348358154297,1.7341865996519723,1.752771000067393,0.5646585623423258,12.77976522843043,0.5021807998418808,0.7994258801142374,agnews_external_confirmation_F6_H8_D32_F6_seed380.csv
agnews_external_confirmation_F6,preregistered_agnews_external_confirmation_F6,H8_D32,AG News,,sentence-transformers/all-MiniLM-L6-v2,6,381,0.166748046875,9.765625000001108e-05,0.16796875,0.0015625,0.16796875,0.17578125,0.0109375,False,False,False,False,0.4166666666666667,0.513888888888889,0.1666666666666666,0.0078125,384,512,6,8,32,256,3584,25447936,256,20000,20000,0.0001,0.0001,1120.141303062439,3.428644895553589,0.7373755772908529,1.0115753908952076,0.4395180642604828,2.398621300856272,1.2758969366550446,0.477048322558403,agnews_external_confirmation_F6_H8_D32_F6_seed381.csv
agnews_external_confirmation_F6,preregistered_agnews_external_confirmation_F6,H8_D32,AG News,,sentence-transformers/all-MiniLM-L6-v2,6,382,0.172119140625,0.00654296875,0.16845703125,0.0021484375,0.16845703125,0.180908203125,0.01708984375,False,False,False,False,0.4166666666666667,0.513888888888889,0.1666666666666666,0.0078125,384,512,6,8,32,256,3584,25447936,256,20000,20000,0.0001,0.0001,1124.986557006836,3.5323972702026367,0.7600121150414149,0.9849701821804048,0.4368438174327214,2.2367031077543893,1.2592815856138866,0.4855072150627772,agnews_external_confirmation_F6_H8_D32_F6_seed382.csv
agnews_external_confirmation_F6,preregistered_agnews_external_confirmation_F6,H8_D32,AG News,,sentence-transformers/all-MiniLM-L6-v2,6,383,0.159912109375,-0.0081054687499999,0.173828125,0.00859375,0.173828125,0.174072265625,0.00888671875,False,False,False,False,0.4166666666666667,0.513888888888889,0.1666666666666666,0.0078125,384,512,6,8,32,256,3584,25447936,256,20000,20000,0.0001,0.0001,1117.5413918495178,3.636482954025269,0.7508208801349004,0.9519908626874288,0.4390932867924372,2.085802753766378,1.305745263894399,0.460249717036883,agnews_external_confirmation_F6_H8_D32_F6_seed383.csv
agnews_external_confirmation_F6,preregistered_agnews_external_confirmation_F6,H8_D32,AG News,,sentence-transformers/all-MiniLM-L6-v2,6,384,0.164794921875,-0.0022460937499999,0.168212890625,0.00185546875,0.168212890625,0.17138671875,0.0056640625,False,False,False,False,0.4166666666666667,0.513888888888889,0.1666666666666666,0.0078125,384,512,6,8,32,256,3584,25447936,256,20000,20000,0.0001,0.0001,1124.0614883899689,3.3694419860839844,0.778616189956665,1.0185986359914143,0.4422640105088551,2.446761171023051,1.21238441268603,0.532218669851621,agnews_external_confirmation_F6_H8_D32_F6_seed384.csv
agnews_external_confirmation_F6,preregistered_agnews_external_confirmation_F6,H8_D32,AG News,,sentence-transformers/all-MiniLM-L6-v2,6,385,0.156982421875,-0.0116210937499999,0.171875,0.00625,0.171875,0.181640625,0.01796875,False,False,False,False,0.4166666666666667,0.513888888888889,0.1666666666666666,0.0078125,384,512,6,8,32,256,3584,25447936,256,20000,20000,0.0001,0.0001,1118.919855594635,3.3238022327423096,0.7574978321790695,0.9751411577065786,0.4396846542755763,2.2508290807406106,1.262757142384847,0.4774778336286545,agnews_external_confirmation_F6_H8_D32_F6_seed385.csv
agnews_external_confirmation_F6,preregistered_agnews_external_confirmation_F6,H8_D32,AG News,,sentence-transformers/all-MiniLM-L6-v2,6,386,0.8349609375,0.801953125,0.83447265625,0.8013671875,0.83447265625,0.8349609375,0.801953125,True,True,True,True,0.4166666666666667,0.513888888888889,0.1666666666666666,0.0078125,384,512,6,8,32,256,3584,25447936,256,20000,20000,0.0001,0.0001,1116.9543612003326,5.537282466888428,2.184219926595688,2.1145818630854287,0.5462530901034673,20.721877177556355,0.364957404633363,0.8532548348108927,agnews_external_confirmation_F6_H8_D32_F6_seed386.csv
agnews_external_confirmation_F6,preregistered_agnews_external_confirmation_F6,H8_D32,AG News,,sentence-transformers/all-MiniLM-L6-v2,6,387,0.164794921875,-0.0022460937499999,0.1669921875,0.000390625,0.1669921875,0.172119140625,0.00654296875,False,False,False,False,0.4166666666666667,0.513888888888889,0.1666666666666666,0.0078125,384,512,6,8,32,256,3584,25447936,256,20000,20000,0.0001,0.0001,1119.5594830513,3.32694673538208,0.7617369641860327,1.0025076568126678,0.438895508646965,2.5010058085123696,1.2888242105642955,0.4685225238402684,agnews_external_confirmation_F6_H8_D32_F6_seed387.csv
agnews_external_confirmation_F6,preregistered_agnews_external_confirmation_F6,H8_D32,AG News,,sentence-transformers/all-MiniLM-L6-v2,6,388,0.16064453125,-0.0072265624999999,0.18017578125,0.0162109375,0.18017578125,0.173095703125,0.00771484375,False,False,False,False,0.4166666666666667,0.513888888888889,0.1666666666666666,0.0078125,384,512,6,8,32,256,3584,25447936,256,20000,20000,0.0001,0.0001,1121.8341870307922,3.3373007774353027,0.7605358610550562,1.0247156818707783,0.4463822891314824,2.539409577846527,1.2275419135888417,0.4895810733238856,agnews_external_confirmation_F6_H8_D32_F6_seed388.csv
agnews_external_confirmation_F6,preregistered_agnews_external_confirmation_F6,H8_D32,AG News,,sentence-transformers/all-MiniLM-L6-v2,6,389,0.169677734375,0.00361328125,0.16943359375,0.0033203125,0.16943359375,0.178466796875,0.01416015625,False,False,False,False,0.4166666666666667,0.513888888888889,0.1666666666666666,0.0078125,384,512,6,8,32,256,3584,25447936,256,20000,20000,0.0001,0.0001,1119.7442798614502,3.4338812828063965,0.788202146689097,0.9786340892314912,0.4360180099805196,2.4262481133143106,1.254877746105194,0.4984371115763982,agnews_external_confirmation_F6_H8_D32_F6_seed389.csv
agnews_external_confirmation_F6,preregistered_agnews_external_confirmation_F6,H8_D32,AG News,,sentence-transformers/all-MiniLM-L6-v2,6,390,0.15771484375,-0.0107421874999999,0.172607421875,0.00712890625,0.172607421875,0.175048828125,0.01005859375,False,False,False,False,0.4166666666666667,0.513888888888889,0.1666666666666666,0.0078125,384,512,6,8,32,256,3584,25447936,256,20000,20000,0.0001,0.0001,1118.732468366623,3.454847812652588,0.7839104433854421,0.9560335377852122,0.4368866036335627,2.242981185515722,1.246902992328008,0.4858405490716298,agnews_external_confirmation_F6_H8_D32_F6_seed390.csv
agnews_external_confirmation_F6,preregistered_agnews_external_confirmation_F6,H8_D32,AG News,,sentence-transformers/all-MiniLM-L6-v2,6,391,0.168701171875,0.00244140625,0.1640625,-0.0031249999999999,0.1640625,0.175048828125,0.01005859375,False,False,False,False,0.4166666666666667,0.513888888888889,0.1666666666666666,0.0078125,384,512,6,8,32,256,3584,25447936,256,20000,20000,0.0001,0.0001,1123.276638031006,3.3962953090667725,0.7476273278395335,0.9653229812781016,0.4325628628333409,2.1977055072784424,1.3097368478775024,0.4572209517161051,agnews_external_confirmation_F6_H8_D32_F6_seed391.csv
agnews_external_confirmation_F6,preregistered_agnews_external_confirmation_F6,H8_D32,AG News,,sentence-transformers/all-MiniLM-L6-v2,6,392,0.8955078125,0.874609375,0.91064453125,0.8927734375,0.91064453125,0.8955078125,0.874609375,True,True,True,True,0.4166666666666667,0.513888888888889,0.1666666666666666,0.0078125,384,512,6,8,32,256,3584,25447936,256,20000,20000,0.0001,0.0001,1118.6120879650116,5.492071628570557,2.0816396673520408,2.098517616589864,0.5628094722827276,19.619942088921864,0.3642955993612607,0.8543026944001516,agnews_external_confirmation_F6_H8_D32_F6_seed392.csv
agnews_external_confirmation_F6,preregistered_agnews_external_confirmation_F6,H8_D32,AG News,,sentence-transformers/all-MiniLM-L6-v2,6,393,0.75830078125,0.7099609375,0.769287109375,0.72314453125,0.769287109375,0.760498046875,0.71259765625,True,True,False,True,0.4166666666666667,0.513888888888889,0.1666666666666666,0.0078125,384,512,6,8,32,256,3584,25447936,256,20000,20000,0.0001,0.0001,1118.9535012245178,7.401663303375244,1.7837531963984172,2.010045866171519,0.5398771713177363,16.041416029135387,0.4907417173186938,0.8096137742201487,agnews_external_confirmation_F6_H8_D32_F6_seed393.csv
agnews_external_confirmation_F6,preregistered_agnews_external_confirmation_F6,H8_D32,AG News,,sentence-transformers/all-MiniLM-L6-v2,6,394,0.72314453125,0.6677734375000001,0.74658203125,0.6958984375,0.74658203125,0.725341796875,0.67041015625,True,True,False,True,0.4166666666666667,0.513888888888889,0.1666666666666666,0.0078125,384,512,6,8,32,256,3584,25447936,256,20000,20000,0.0001,0.0001,1121.2884402275083,6.507012367248535,1.9805969496568043,1.8625720342000325,0.5526490757862726,16.351677894592285,0.4592756579319636,0.8137489954630533,agnews_external_confirmation_F6_H8_D32_F6_seed394.csv
agnews_external_confirmation_F6,preregistered_agnews_external_confirmation_F6,H8_D32,AG News,,sentence-transformers/all-MiniLM-L6-v2,6,395,0.96875,0.9625,0.9677734375,0.961328125,0.9677734375,0.969482421875,0.96337890625,True,True,True,True,0.4166666666666667,0.513888888888889,0.1666666666666666,0.0078125,384,512,6,8,32,256,3584,25447936,256,20000,20000,0.0001,0.0001,1115.3273627758026,2.855707883834839,1.6561771134535472,1.9174923300743103,0.604128951827685,11.35289857784907,0.4512021069725354,0.823228140672048,agnews_external_confirmation_F6_H8_D32_F6_seed395.csv
agnews_external_confirmation_F6,preregistered_agnews_external_confirmation_F6,H8_D32,AG News,,sentence-transformers/all-MiniLM-L6-v2,6,396,0.17041015625,0.0044921875,0.173095703125,0.00771484375,0.173095703125,0.174072265625,0.00888671875,False,False,False,False,0.4166666666666667,0.513888888888889,0.1666666666666666,0.0078125,384,512,6,8,32,256,3584,25447936,256,20000,20000,0.0001,0.0001,1125.3966195583344,3.3306539058685303,0.7668555428584417,1.0012354751427968,0.4312615891297658,2.5108260114987693,1.2720965147018433,0.4658105770746867,agnews_external_confirmation_F6_H8_D32_F6_seed396.csv
agnews_external_confirmation_F6,preregistered_agnews_external_confirmation_F6,H8_D32,AG News,,sentence-transformers/all-MiniLM-L6-v2,6,397,0.171875,0.00625,0.17041015625,0.0044921875,0.17041015625,0.174072265625,0.00888671875,False,False,False,False,0.4166666666666667,0.513888888888889,0.1666666666666666,0.0078125,384,512,6,8,32,256,3584,25447936,256,20000,20000,0.0001,0.0001,1125.8935832977295,3.6196537017822266,0.7873347053925196,0.9779069423675536,0.4352559993664424,2.437276005744934,1.2195257147153218,0.5260467578967413,agnews_external_confirmation_F6_H8_D32_F6_seed397.csv
agnews_external_confirmation_F6,preregistered_agnews_external_confirmation_F6,H8_D32,AG News,,sentence-transformers/all-MiniLM-L6-v2,6,398,0.1787109375,0.014453125,0.16943359375,0.0033203125,0.16943359375,0.1787109375,0.014453125,False,False,False,False,0.4166666666666667,0.513888888888889,0.1666666666666666,0.0078125,384,512,6,8,32,256,3584,25447936,256,20000,20000,0.0001,0.0001,289.30685567855835,3.543479681015014,0.7511493563652039,0.9834360380967458,0.431957130630811,2.33518335223198,1.3014948566754658,0.4597754875818888,agnews_external_confirmation_F6_H8_D32_F6_seed398.csv
agnews_external_confirmation_F6,preregistered_agnews_external_confirmation_F6,H8_D32,AG News,,sentence-transformers/all-MiniLM-L6-v2,6,399,0.16943359375,0.0033203125,0.15869140625,-0.0095703124999999,0.15869140625,0.174560546875,0.00947265625,False,False,False,False,0.4166666666666667,0.513888888888889,0.1666666666666666,0.0078125,384,512,6,8,32,256,3584,25447936,256,20000,20000,0.0001,0.0001,1151.9293897151947,3.467689752578736,0.7711487660805384,0.9882437586784364,0.4392803659041722,2.394452671209971,1.245182494322459,0.4792936245600382,agnews_external_confirmation_F6_H8_D32_F6_seed399.csv
agnews_external_confirmation_F6,preregistered_agnews_external_confirmation_F6,H8_D32,AG News,,sentence-transformers/all-MiniLM-L6-v2,6,400,0.17236328125,0.0068359375,0.16162109375,-0.0060546874999999,0.16162109375,0.179931640625,0.01591796875,False,False,False,False,0.4166666666666667,0.513888888888889,0.1666666666666666,0.0078125,384,512,6,8,32,256,3584,25447936,256,20000,20000,0.0001,0.0001,1153.273375749588,3.4726369380950928,0.7732279449701309,0.9901194969813027,0.4369105150302251,2.481276422739029,1.2337422370910645,0.4930038849512736,agnews_external_confirmation_F6_H8_D32_F6_seed400.csv
agnews_external_confirmation_F6,preregistered_agnews_external_confirmation_F6,H8_D32,AG News,,sentence-transformers/all-MiniLM-L6-v2,6,401,0.16748046875,0.0009765625,0.175048828125,0.01005859375,0.175048828125,0.180419921875,0.01650390625,False,False,False,False,0.4166666666666667,0.513888888888889,0.1666666666666666,0.0078125,384,512,6,8,32,256,3584,25447936,256,20000,20000,0.0001,0.0001,1155.923237323761,3.3274524211883545,0.7635954966147741,0.984014848868052,0.4354437341292699,2.358364313840866,1.2684081594149272,0.4758697996536891,agnews_external_confirmation_F6_H8_D32_F6_seed401.csv
agnews_external_confirmation_F6,preregistered_agnews_external_confirmation_F6,H8_D32,AG News,,sentence-transformers/all-MiniLM-L6-v2,6,402,0.163818359375,-0.0034179687499999,0.158203125,-0.0101562499999999,0.158203125,0.18359375,0.0203125,False,False,False,False,0.4166666666666667,0.513888888888889,0.1666666666666666,0.0078125,384,512,6,8,32,256,3584,25447936,256,20000,20000,0.0001,0.0001,1154.2503201961515,3.503836154937744,0.747705007592837,0.9691028694311776,0.4265991548697154,2.26254333058993,1.2854110201199849,0.4678949067989985,agnews_external_confirmation_F6_H8_D32_F6_seed402.csv
agnews_external_confirmation_F6,preregistered_agnews_external_confirmation_F6,H8_D32,AG News,,sentence-transformers/all-MiniLM-L6-v2,6,403,0.176025390625,0.01123046875,0.164794921875,-0.0022460937499999,0.164794921875,0.1806640625,0.016796875,False,False,False,False,0.4166666666666667,0.513888888888889,0.1666666666666666,0.0078125,384,512,6,8,32,256,3584,25447936,256,20000,20000,0.0001,0.0001,1160.2095396518707,3.207554578781128,0.8151925305525461,1.041639695564906,0.4491552611192067,2.6698867678642277,1.194906214872996,0.5237591713666916,agnews_external_confirmation_F6_H8_D32_F6_seed403.csv
agnews_external_confirmation_F6,preregistered_agnews_external_confirmation_F6,H8_D32,AG News,,sentence-transformers/all-MiniLM-L6-v2,6,404,0.164794921875,-0.0022460937499999,0.164794921875,-0.0022460937499999,0.164794921875,0.178466796875,0.01416015625,False,False,False,False,0.4166666666666667,0.513888888888889,0.1666666666666666,0.0078125,384,512,6,8,32,256,3584,25447936,256,20000,20000,0.0001,0.0001,1163.2217905521393,3.329200029373169,0.7582557747761408,1.0035855770111084,0.4361335088809331,2.404770831267039,1.290893743435542,0.4651184727748235,agnews_external_confirmation_F6_H8_D32_F6_seed404.csv
agnews_external_confirmation_F6,preregistered_agnews_external_confirmation_F6,H8_D32,AG News,,sentence-transformers/all-MiniLM-L6-v2,6,405,0.75341796875,0.7041015625,0.771240234375,0.72548828125,0.771240234375,0.75537109375,0.7064453125,True,True,False,True,0.4166666666666667,0.513888888888889,0.1666666666666666,0.0078125,384,512,6,8,32,256,3584,25447936,256,20000,20000,0.0001,0.0001,1157.5312411785126,7.047739028930664,2.0608311196168265,2.0202245116233826,0.5549099892377853,19.71451262633006,0.4076371863484382,0.8410730361938477,agnews_external_confirmation_F6_H8_D32_F6_seed405.csv
agnews_external_confirmation_F6,preregistered_agnews_external_confirmation_F6,H8_D32,AG News,,sentence-transformers/all-MiniLM-L6-v2,6,406,0.17578125,0.0109375,0.176513671875,0.01181640625,0.176513671875,0.181640625,0.01796875,False,False,False,False,0.4166666666666667,0.513888888888889,0.1666666666666666,0.0078125,384,512,6,8,32,256,3584,25447936,256,20000,20000,0.0001,0.0001,1156.0486619472504,3.50706148147583,0.7360382328430811,1.0121594071388245,0.4302930931250254,2.4531502226988477,1.2684196829795835,0.4690162887175877,agnews_external_confirmation_F6_H8_D32_F6_seed406.csv
agnews_external_confirmation_F6,preregistered_agnews_external_confirmation_F6,H8_D32,AG News,,sentence-transformers/all-MiniLM-L6-v2,6,407,0.15966796875,-0.0083984374999999,0.1611328125,-0.0066406249999999,0.1611328125,0.177490234375,0.01298828125,False,False,False,False,0.4166666666666667,0.513888888888889,0.1666666666666666,0.0078125,384,512,6,8,32,256,3584,25447936,256,20000,20000,0.0001,0.0001,1157.0387978553772,3.62872576713562,0.7307621637980143,0.94590030113856,0.4271813184022903,2.1073086162408194,1.3310476938883464,0.449407011270523,agnews_external_confirmation_F6_H8_D32_F6_seed407.csv
agnews_external_confirmation_F6,preregistered_agnews_external_confirmation_F6,H8_D32,AG News,,sentence-transformers/all-MiniLM-L6-v2,6,408,0.795654296875,0.75478515625,0.797119140625,0.75654296875,0.797119140625,0.795654296875,0.75478515625,True,True,False,True,0.4166666666666667,0.513888888888889,0.1666666666666666,0.0078125,384,512,6,8,32,256,3584,25447936,256,20000,20000,0.0001,0.0001,1160.4155042171478,9.22556972503662,1.8327359855175016,2.0900563398996987,0.5514916777610779,16.975445687770844,0.4547211726506551,0.8275189896424612,agnews_external_confirmation_F6_H8_D32_F6_seed408.csv
agnews_external_confirmation_F6,preregistered_agnews_external_confirmation_F6,H8_D32,AG News,,sentence-transformers/all-MiniLM-L6-v2,6,409,0.82177734375,0.7861328125,0.8251953125,0.790234375,0.8251953125,0.82177734375,0.7861328125,True,True,True,True,0.4166666666666667,0.513888888888889,0.1666666666666666,0.0078125,384,512,6,8,32,256,3584,25447936,256,20000,20000,0.0001,0.0001,1156.9496307373047,8.77318000793457,2.231234351793925,2.1961833039919534,0.5403770407040914,22.85241363445918,0.3899844040473302,0.8450082639853159,agnews_external_confirmation_F6_H8_D32_F6_seed409.csv
agnews_external_confirmation_F6,preregistered_agnews_external_confirmation_F6,H8_D32,AG News,,sentence-transformers/all-MiniLM-L6-v2,6,410,0.172119140625,0.00654296875,0.168212890625,0.00185546875,0.168212890625,0.17822265625,0.0138671875,False,False,False,False,0.4166666666666667,0.513888888888889,0.1666666666666666,0.0078125,384,512,6,8,32,256,3584,25447936,256,20000,20000,0.0001,0.0001,1148.7767498493197,3.439592838287353,0.7505505184332529,0.989216536283493,0.4385491758584976,2.341192215681076,1.275608132282893,0.4708968003590901,agnews_external_confirmation_F6_H8_D32_F6_seed410.csv
agnews_external_confirmation_F6,preregistered_agnews_external_confirmation_F6,H8_D32,AG News,,sentence-transformers/all-MiniLM-L6-v2,6,411,0.165771484375,-0.0010742187499999,0.160400390625,-0.0075195312499999,0.160400390625,0.18017578125,0.0162109375,False,False,False,False,0.4166666666666667,0.513888888888889,0.1666666666666666,0.0078125,384,512,6,8,32,256,3584,25447936,256,20000,20000,0.0001,0.0001,171.10533356666565,3.3337676525115967,0.7518888115882874,1.037978728612264,0.4350415120522181,2.474231461683909,1.2578578392664592,0.4830305924018224,agnews_external_confirmation_F6_H8_D32_F6_seed411.csv
agnews_external_confirmation_F6,preregistered_agnews_external_confirmation_F6,H8_D32,AG News,,sentence-transformers/all-MiniLM-L6-v2,6,412,0.77783203125,0.7333984375,0.78466796875,0.7416015625,0.78466796875,0.77783203125,0.7333984375,True,True,False,True,0.4166666666666667,0.513888888888889,0.1666666666666666,0.0078125,384,512,6,8,32,256,3584,25447936,256,20000,20000,0.0001,0.0001,1151.1671063899994,6.421848773956299,2.0531302988529205,1.9924555818239849,0.5446168382962545,18.34591633081436,0.4228341554601987,0.8293118377526602,agnews_external_confirmation_F6_H8_D32_F6_seed412.csv
agnews_external_confirmation_F6,preregistered_agnews_external_confirmation_F6,H8_D32,AG News,,sentence-transformers/all-MiniLM-L6-v2,6,413,0.16650390625,-0.0001953124999999,0.161376953125,-0.0063476562499999,0.161376953125,0.175537109375,0.01064453125,False,False,False,False,0.4166666666666667,0.513888888888889,0.1666666666666666,0.0078125,384,512,6,8,32,256,3584,25447936,256,20000,20000,0.0001,0.0001,1153.7472875118256,3.4500725269317627,0.7930862605571747,0.9560686747233073,0.4353757450977961,2.2230194012324014,1.2552092671394348,0.5098201135794321,agnews_external_confirmation_F6_H8_D32_F6_seed413.csv
agnews_external_confirmation_F6,preregistered_agnews_external_confirmation_F6,H8_D32,AG News,,sentence-transformers/all-MiniLM-L6-v2,6,414,0.216552734375,0.05986328125,0.212890625,0.05546875,0.212890625,0.218505859375,0.06220703125,False,False,False,False,0.4166666666666667,0.513888888888889,0.1666666666666666,0.0078125,384,512,6,8,32,256,3584,25447936,256,20000,20000,0.0001,0.0001,1152.6049251556396,3.332221031188965,1.0895042320092518,1.1670241951942444,0.4512689014275868,5.081463793913524,0.8505600293477377,0.6677968998750051,agnews_external_confirmation_F6_H8_D32_F6_seed414.csv
agnews_external_confirmation_F6,preregistered_agnews_external_confirmation_F6,H8_D32,AG News,,sentence-transformers/all-MiniLM-L6-v2,6,415,0.162353515625,-0.0051757812499999,0.164794921875,-0.0022460937499999,0.164794921875,0.169921875,0.00390625,False,False,False,False,0.4166666666666667,0.513888888888889,0.1666666666666666,0.0078125,384,512,6,8,32,256,3584,25447936,256,20000,20000,0.0001,0.0001,1152.0283651351929,3.2265610694885254,0.7230432778596878,0.9756340185801188,0.4396452009677887,2.2134627799193063,1.2751436531543732,0.4675105561812718,agnews_external_confirmation_F6_H8_D32_F6_seed415.csv
agnews_external_confirmation_F6,preregistered_agnews_external_confirmation_F6,H8_D32,AG News,,sentence-transformers/all-MiniLM-L6-v2,6,416,0.163330078125,-0.0040039062499999,0.15673828125,-0.0119140624999999,0.15673828125,0.181396484375,0.01767578125,False,False,False,False,0.4166666666666667,0.513888888888889,0.1666666666666666,0.0078125,384,512,6,8,32,256,3584,25447936,256,20000,20000,0.0001,0.0001,1151.5577473640442,3.571444511413574,0.7481451531251272,0.9589312672615052,0.4337468047936757,2.1413953006267548,1.271166404088338,0.5063612113396326,agnews_external_confirmation_F6_H8_D32_F6_seed416.csv
agnews_external_confirmation_F6,preregistered_agnews_external_confirmation_F6,H8_D32,AG News,,sentence-transformers/all-MiniLM-L6-v2,6,417,0.1708984375,0.005078125,0.1591796875,-0.0089843749999999,0.1591796875,0.175048828125,0.01005859375,False,False,False,False,0.4166666666666667,0.513888888888889,0.1666666666666666,0.0078125,384,512,6,8,32,256,3584,25447936,256,20000,20000,0.0001,0.0001,1154.801974773407,3.420971393585205,0.729323128859202,0.9664871692657472,0.42457381884257,2.1712413827578225,1.3216274281342824,0.4545431484778722,agnews_external_confirmation_F6_H8_D32_F6_seed417.csv
agnews_external_confirmation_F6,preregistered_agnews_external_confirmation_F6,H8_D32,AG News,,sentence-transformers/all-MiniLM-L6-v2,6,418,0.163818359375,-0.0034179687499999,0.158203125,-0.0101562499999999,0.158203125,0.17431640625,0.0091796875,False,False,False,False,0.4166666666666667,0.513888888888889,0.1666666666666666,0.0078125,384,512,6,8,32,256,3584,25447936,256,20000,20000,0.0001,0.0001,1154.7636318206787,3.352194309234619,0.7908181051413218,1.0120604435602825,0.4522530982891719,2.6614350378513336,1.1864335934321086,0.5081305702527364,agnews_external_confirmation_F6_H8_D32_F6_seed418.csv
agnews_external_confirmation_F6,preregistered_agnews_external_confirmation_F6,H8_D32,AG News,,sentence-transformers/all-MiniLM-L6-v2,6,419,0.162841796875,-0.0045898437499999,0.168212890625,0.00185546875,0.168212890625,0.1787109375,0.014453125,False,False,False,False,0.4166666666666667,0.513888888888889,0.1666666666666666,0.0078125,384,512,6,8,32,256,3584,25447936,256,20000,20000,0.0001,0.0001,1153.6866850852966,3.32588005065918,0.7018724332253138,0.9341742197672526,0.4265742351611455,1.8976389467716217,1.3490962783495586,0.442280113697052,agnews_external_confirmation_F6_H8_D32_F6_seed419.csv
agnews_external_confirmation_F6,preregistered_agnews_external_confirmation_F6,H8_D64,AG News,,sentence-transformers/all-MiniLM-L6-v2,6,300,0.96240234375,0.9548828125,0.969482421875,0.96337890625,0.969482421875,0.963623046875,0.95634765625,True,True,True,True,0.4166666666666667,0.513888888888889,0.1666666666666666,0.0078125,384,512,6,8,64,512,3072,25447936,256,20000,20000,0.0001,0.0001,1203.479531288147,4.317255020141602,1.365235577027003,1.6326134999593098,0.509140819311142,10.73629069328308,0.5741381446520487,0.7518028120199839,agnews_external_confirmation_F6_H8_D64_F6_seed300.csv
agnews_external_confirmation_F6,preregistered_agnews_external_confirmation_F6,H8_D64,AG News,,sentence-transformers/all-MiniLM-L6-v2,6,301,0.562255859375,0.47470703125,0.56982421875,0.4837890625,0.56982421875,0.562255859375,0.47470703125,True,True,False,True,0.4166666666666667,0.513888888888889,0.1666666666666666,0.0078125,384,512,6,8,64,512,3072,25447936,256,20000,20000,0.0001,0.0001,1224.3771133422852,6.024844646453857,1.4623696108659108,1.4880529046058657,0.4796817849079768,12.663571933905285,0.6893803030252457,0.7271155019601186,agnews_external_confirmation_F6_H8_D64_F6_seed301.csv
agnews_external_confirmation_F6,preregistered_agnews_external_confirmation_F6,H8_D64,AG News,,sentence-transformers/all-MiniLM-L6-v2,6,302,0.958251953125,0.94990234375,0.962158203125,0.95458984375,0.962158203125,0.959716796875,0.95166015625,True,True,True,True,0.4166666666666667,0.513888888888889,0.1666666666666666,0.0078125,384,512,6,8,64,512,3072,25447936,256,20000,20000,0.0001,0.0001,1213.0997993946075,3.414170742034912,1.2213411231835682,1.5703245004018147,0.5485725949207941,9.789266188939411,0.5936711182196935,0.7518586913744608,agnews_external_confirmation_F6_H8_D64_F6_seed302.csv
agnews_external_confirmation_F6,preregistered_agnews_external_confirmation_F6,H8_D64,AG News,,sentence-transformers/all-MiniLM-L6-v2,6,303,0.17529296875,0.0103515625,0.1630859375,-0.0042968749999999,0.1630859375,0.179443359375,0.01533203125,False,False,False,False,0.4166666666666667,0.513888888888889,0.1666666666666666,0.0078125,384,512,6,8,64,512,3072,25447936,256,20000,20000,0.0001,0.0001,1223.3050622940063,3.163687467575073,0.8485362976789474,0.9202164560556412,0.3715145538250605,2.844171792268753,1.4883085489273071,0.3607821315526962,agnews_external_confirmation_F6_H8_D64_F6_seed303.csv
agnews_external_confirmation_F6,preregistered_agnews_external_confirmation_F6,H8_D64,AG News,,sentence-transformers/all-MiniLM-L6-v2,6,304,0.17822265625,0.0138671875,0.158447265625,-0.0098632812499999,0.158447265625,0.1787109375,0.014453125,False,False,False,False,0.4166666666666667,0.513888888888889,0.1666666666666666,0.0078125,384,512,6,8,64,512,3072,25447936,256,20000,20000,0.0001,0.0001,1217.2753224372864,3.264272928237915,0.7054465065399805,0.9141385902961096,0.3426399827003479,2.2997446755568185,1.5858867565790813,0.3147955536842346,agnews_external_confirmation_F6_H8_D64_F6_seed304.csv
agnews_external_confirmation_F6,preregistered_agnews_external_confirmation_F6,H8_D64,AG News,,sentence-transformers/all-MiniLM-L6-v2,6,305,0.455078125,0.34609375,0.44287109375,0.3314453125,0.44287109375,0.455078125,0.34609375,False,False,False,False,0.4166666666666667,0.513888888888889,0.1666666666666666,0.0078125,384,512,6,8,64,512,3072,25447936,256,20000,20000,0.0001,0.0001,1220.1472935676577,5.535925388336182,1.5905718704064686,1.299388438463211,0.5017247945070267,9.314828217029572,0.7876689483722051,0.6812687466541926,agnews_external_confirmation_F6_H8_D64_F6_seed305.csv
agnews_external_confirmation_F6,preregistered_agnews_external_confirmation_F6,H8_D64,AG News,,sentence-transformers/all-MiniLM-L6-v2,6,306,0.793701171875,0.75244140625,0.797607421875,0.75712890625,0.797607421875,0.793701171875,0.75244140625,True,True,False,True,0.4166666666666667,0.513888888888889,0.1666666666666666,0.0078125,384,512,6,8,64,512,3072,25447936,256,20000,20000,0.0001,0.0001,1216.7216613292694,6.018472194671631,1.7205520669619243,1.7040400703748066,0.4772916982571284,18.428413550059,0.5681363840897878,0.7661596238613129,agnews_external_confirmation_F6_H8_D64_F6_seed306.csv
agnews_external_confirmation_F6,preregistered_agnews_external_confirmation_F6,H8_D64,AG News,,sentence-transformers/all-MiniLM-L6-v2,6,307,0.160888671875,-0.0069335937499999,0.16162109375,-0.0060546874999999,0.16162109375,0.173095703125,0.00771484375,False,False,False,False,0.4166666666666667,0.513888888888889,0.1666666666666666,0.0078125,384,512,6,8,64,512,3072,25447936,256,20000,20000,0.0001,0.0001,1221.4805817604065,3.477646350860596,0.6841824253400167,1.0811826487382252,0.3731246416767438,3.765401422977448,1.481654703617096,0.3535474936167399,agnews_external_confirmation_F6_H8_D64_F6_seed307.csv
agnews_external_confirmation_F6,preregistered_agnews_external_confirmation_F6,H8_D64,AG News,,sentence-transformers/all-MiniLM-L6-v2,6,308,0.94580078125,0.9349609375,0.939453125,0.92734375,0.939453125,0.94580078125,0.9349609375,True,True,True,True,0.4166666666666667,0.513888888888889,0.1666666666666666,0.0078125,384,512,6,8,64,512,3072,25447936,256,20000,20000,0.0001,0.0001,1214.5166602134705,7.857094764709473,1.301672677199046,1.6605755686759949,0.5178767293691635,12.772147138913471,0.6053405304749807,0.7521381775538126,agnews_external_confirmation_F6_H8_D64_F6_seed308.csv
agnews_external_confirmation_F6,preregistered_agnews_external_confirmation_F6,H8_D64,AG News,,sentence-transformers/all-MiniLM-L6-v2,6,309,0.222900390625,0.06748046875,0.22802734375,0.0736328125,0.22802734375,0.22607421875,0.0712890625,False,False,False,False,0.4166666666666667,0.513888888888889,0.1666666666666666,0.0078125,384,512,6,8,64,512,3072,25447936,256,20000,20000,0.0001,0.0001,1219.683259487152,4.009819030761719,1.485642060637474,1.3469255169232686,0.406986728310585,10.302642345428469,1.0927810768286388,0.5633571743965149,agnews_external_confirmation_F6_H8_D64_F6_seed309.csv
agnews_external_confirmation_F6,preregistered_agnews_external_confirmation_F6,H8_D64,AG News,,sentence-transformers/all-MiniLM-L6-v2,6,310,0.953369140625,0.94404296875,0.954833984375,0.94580078125,0.954833984375,0.954345703125,0.94521484375,True,True,True,True,0.4166666666666667,0.513888888888889,0.1666666666666666,0.0078125,384,512,6,8,64,512,3072,25447936,256,20000,20000,0.0001,0.0001,1210.8244154453278,4.299233913421631,1.2234671811262767,1.6202802260716755,0.5265239477157593,9.854549686113993,0.4921709497769673,0.8032593230406443,agnews_external_confirmation_F6_H8_D64_F6_seed310.csv
agnews_external_confirmation_F6,preregistered_agnews_external_confirmation_F6,H8_D64,AG News,,sentence-transformers/all-MiniLM-L6-v2,6,311,0.806884765625,0.76826171875,0.8056640625,0.766796875,0.8056640625,0.806884765625,0.76826171875,True,True,True,True,0.4166666666666667,0.513888888888889,0.1666666666666666,0.0078125,384,512,6,8,64,512,3072,25447936,256,20000,20000,0.0001,0.0001,1213.2341692447662,6.464956283569336,1.288494865099589,1.6588865518569946,0.4901143411795298,11.708547751108805,0.6339378307263056,0.742302417755127,agnews_external_confirmation_F6_H8_D64_F6_seed311.csv
agnews_external_confirmation_F6,preregistered_agnews_external_confirmation_F6,H8_D64,AG News,,sentence-transformers/all-MiniLM-L6-v2,6,312,0.98828125,0.9859375,0.99072265625,0.9888671875,0.99072265625,0.988525390625,0.98623046875,True,True,True,True,0.4166666666666667,0.513888888888889,0.1666666666666666,0.0078125,384,512,6,8,64,512,3072,25447936,256,20000,20000,0.0001,0.0001,1200.8381493091583,0.9555920362472534,1.0441776812076569,1.510494738817215,0.5057567656040192,6.582866549491882,0.7541370391845703,0.6910909116268158,agnews_external_confirmation_F6_H8_D64_F6_seed312.csv
agnews_external_confirmation_F6,preregistered_agnews_external_confirmation_F6,H8_D64,AG News,,sentence-transformers/all-MiniLM-L6-v2,6,313,0.986083984375,0.98330078125,0.986328125,0.98359375,0.986328125,0.986572265625,0.98388671875,True,True,True,True,0.4166666666666667,0.513888888888889,0.1666666666666666,0.0078125,384,512,6,8,64,512,3072,25447936,256,20000,20000,0.0001,0.0001,1202.6541140079498,1.9647033214569087,1.2055667241414387,1.5406812131404877,0.5337206472953161,8.422091325124105,0.6121417979399363,0.7478577693303426,agnews_external_confirmation_F6_H8_D64_F6_seed313.csv
agnews_external_confirmation_F6,preregistered_agnews_external_confirmation_F6,H8_D64,AG News,,sentence-transformers/all-MiniLM-L6-v2,6,314,0.8349609375,0.801953125,0.83642578125,0.8037109375,0.83642578125,0.8349609375,0.801953125,True,True,True,True,0.4166666666666667,0.513888888888889,0.1666666666666666,0.0078125,384,512,6,8,64,512,3072,25447936,256,20000,20000,0.0001,0.0001,1212.3168773651123,4.697473049163818,1.4705304006735485,1.6388051708539326,0.5259900738795599,13.609770139058432,0.5348787059386572,0.7658659815788269,agnews_external_confirmation_F6_H8_D64_F6_seed314.csv
agnews_external_confirmation_F6,preregistered_agnews_external_confirmation_F6,H8_D64,AG News,,sentence-transformers/all-MiniLM-L6-v2,6,315,0.415283203125,0.29833984375,0.4248046875,0.309765625,0.4248046875,0.415283203125,0.29833984375,False,False,False,False,0.4166666666666667,0.513888888888889,0.1666666666666666,0.0078125,384,512,6,8,64,512,3072,25447936,256,20000,20000,0.0001,0.0001,1222.837435245514,4.283825874328613,1.1468874017397563,1.1866121888160706,0.4036434143781662,6.622881511847178,0.8315092821915945,0.6663876076539358,agnews_external_confirmation_F6_H8_D64_F6_seed315.csv
agnews_external_confirmation_F6,preregistered_agnews_external_confirmation_F6,H8_D64,AG News,,sentence-transformers/all-MiniLM-L6-v2,6,316,0.169677734375,0.00361328125,0.173583984375,0.00830078125,0.173583984375,0.172119140625,0.00654296875,False,False,False,False,0.4166666666666667,0.513888888888889,0.1666666666666666,0.0078125,384,512,6,8,64,512,3072,25447936,256,20000,20000,0.0001,0.0001,1219.5964953899384,3.296719551086426,0.990395814180374,0.9640396684408188,0.3723633264501889,3.740954915682474,1.4378041625022888,0.3868509083986282,agnews_external_confirmation_F6_H8_D64_F6_seed316.csv
agnews_external_confirmation_F6,preregistered_agnews_external_confirmation_F6,H8_D64,AG News,,sentence-transformers/all-MiniLM-L6-v2,6,317,0.956298828125,0.94755859375,0.962158203125,0.95458984375,0.962158203125,0.956298828125,0.94755859375,True,True,True,True,0.4166666666666667,0.513888888888889,0.1666666666666666,0.0078125,384,512,6,8,64,512,3072,25447936,256,20000,20000,0.0001,0.0001,1205.3361721038818,4.159940719604492,1.3737866083780923,1.7416011492411296,0.5199703425168991,13.22161614894867,0.4933473616838455,0.7918737729390463,agnews_external_confirmation_F6_H8_D64_F6_seed317.csv
agnews_external_confirmation_F6,preregistered_agnews_external_confirmation_F6,H8_D64,AG News,,sentence-transformers/all-MiniLM-L6-v2,6,318,0.813720703125,0.77646484375,0.8173828125,0.780859375,0.8173828125,0.816162109375,0.77939453125,True,True,True,True,0.4166666666666667,0.513888888888889,0.1666666666666666,0.0078125,384,512,6,8,64,512,3072,25447936,256,20000,20000,0.0001,0.0001,1212.054025888443,4.160594940185547,1.6632281144460042,1.7227604587872822,0.4871769746144612,18.37734055519104,0.5545403609673182,0.7711005409558614,agnews_external_confirmation_F6_H8_D64_F6_seed318.csv
agnews_external_confirmation_F6,preregistered_agnews_external_confirmation_F6,H8_D64,AG News,,sentence-transformers/all-MiniLM-L6-v2,6,319,0.188720703125,0.02646484375,0.188232421875,0.02587890625,0.188232421875,0.18896484375,0.0267578125,False,False,False,False,0.4166666666666667,0.513888888888889,0.1666666666666666,0.0078125,384,512,6,8,64,512,3072,25447936,256,20000,20000,0.0001,0.0001,1217.8693726062777,3.387009382247925,1.2473359256982803,1.1436987419923146,0.3891664842764537,6.760239382584889,1.2135086854298909,0.5042689392964045,agnews_external_confirmation_F6_H8_D64_F6_seed319.csv
agnews_external_confirmation_F6,preregistered_agnews_external_confirmation_F6,H8_D64,AG News,,sentence-transformers/all-MiniLM-L6-v2,6,320,0.173828125,0.00859375,0.168701171875,0.00244140625,0.168701171875,0.175048828125,0.01005859375,False,False,False,False,0.4166666666666667,0.513888888888889,0.1666666666666666,0.0078125,384,512,6,8,64,512,3072,25447936,256,20000,20000,0.0001,0.0001,1223.4701561927795,3.403820514678955,0.7276888489723206,1.0104766289393108,0.3973661164442698,3.045730610688528,1.352356195449829,0.4266398698091507,agnews_external_confirmation_F6_H8_D64_F6_seed320.csv
agnews_external_confirmation_F6,preregistered_agnews_external_confirmation_F6,H8_D64,AG News,,sentence-transformers/all-MiniLM-L6-v2,6,321,0.960205078125,0.95224609375,0.962646484375,0.95517578125,0.962646484375,0.960205078125,0.95224609375,True,True,True,True,0.4166666666666667,0.513888888888889,0.1666666666666666,0.0078125,384,512,6,8,64,512,3072,25447936,256,20000,20000,0.0001,0.0001,1210.0819115638733,2.4985716342926025,1.2356018722057345,1.4640799363454182,0.5361767460902532,8.232842365900675,0.6481266717116038,0.7292782763640085,agnews_external_confirmation_F6_H8_D64_F6_seed321.csv
agnews_external_confirmation_F6,preregistered_agnews_external_confirmation_F6,H8_D64,AG News,,sentence-transformers/all-MiniLM-L6-v2,6,322,0.166259765625,-0.0004882812499999,0.177734375,0.01328125,0.177734375,0.17041015625,0.0044921875,False,False,False,False,0.4166666666666667,0.513888888888889,0.1666666666666666,0.0078125,384,512,6,8,64,512,3072,25447936,256,20000,20000,0.0001,0.0001,1216.027661561966,3.189066171646118,1.20013889670372,1.0101080785195031,0.3614086806774139,4.239019532998403,1.4034646153450012,0.4052037348349889,agnews_external_confirmation_F6_H8_D64_F6_seed322.csv
agnews_external_confirmation_F6,preregistered_agnews_external_confirmation_F6,H8_D64,AG News,,sentence-transformers/all-MiniLM-L6-v2,6,323,0.931396484375,0.91767578125,0.930908203125,0.91708984375,0.930908203125,0.931396484375,0.91767578125,True,True,True,True,0.4166666666666667,0.513888888888889,0.1666666666666666,0.0078125,384,512,6,8,64,512,3072,25447936,256,20000,20000,0.0001,0.0001,1211.2770411968231,4.456877708435059,1.3953640858332317,1.7332533597946167,0.5151938696702322,14.517164587974548,0.5210852026939392,0.7912805378437042,agnews_external_confirmation_F6_H8_D64_F6_seed323.csv
agnews_external_confirmation_F6,preregistered_agnews_external_confirmation_F6,H8_D64,AG News,,sentence-transformers/all-MiniLM-L6-v2,6,324,0.28857421875,0.1462890625,0.284912109375,0.14189453125,0.284912109375,0.28857421875,0.1462890625,False,False,False,False,0.4166666666666667,0.513888888888889,0.1666666666666666,0.0078125,384,512,6,8,64,512,3072,25447936,256,20000,20000,0.0001,0.0001,1219.8913781642914,4.190802574157715,1.4539520094792049,1.188288579384486,0.3985185225804646,7.29789266983668,0.944669355948766,0.6342538297176361,agnews_external_confirmation_F6_H8_D64_F6_seed324.csv
agnews_external_confirmation_F6,preregistered_agnews_external_confirmation_F6,H8_D64,AG News,,sentence-transformers/all-MiniLM-L6-v2,6,325,0.96533203125,0.9583984375,0.96630859375,0.9595703125,0.96630859375,0.966552734375,0.95986328125,True,True,True,True,0.4166666666666667,0.513888888888889,0.1666666666666666,0.0078125,384,512,6,8,64,512,3072,25447936,256,20000,20000,0.0001,0.0001,1205.7556223869324,2.134827136993408,1.178877353668213,1.635152846574783,0.4950110564629237,8.463685552279154,0.5885580331087112,0.7631992300351461,agnews_external_confirmation_F6_H8_D64_F6_seed325.csv
agnews_external_confirmation_F6,preregistered_agnews_external_confirmation_F6,H8_D64,AG News,,sentence-transformers/all-MiniLM-L6-v2,6,326,0.770263671875,0.72431640625,0.790283203125,0.7483398437500001,0.790283203125,0.771728515625,0.72607421875,True,True,False,True,0.4166666666666667,0.513888888888889,0.1666666666666666,0.0078125,384,512,6,8,64,512,3072,25447936,256,20000,20000,0.0001,0.0001,1218.7466802597046,5.4809346199035645,1.3649369080861409,1.7231173117955525,0.4666205147902171,15.524572889010113,0.5479886531829834,0.7802133162816366,agnews_external_confirmation_F6_H8_D64_F6_seed326.csv
agnews_external_confirmation_F6,preregistered_agnews_external_confirmation_F6,H8_D64,AG News,,sentence-transformers/all-MiniLM-L6-v2,6,327,0.159912109375,-0.0081054687499999,0.163330078125,-0.0040039062499999,0.163330078125,0.171630859375,0.00595703125,False,False,False,False,0.4166666666666667,0.513888888888889,0.1666666666666666,0.0078125,384,512,6,8,64,512,3072,25447936,256,20000,20000,0.0001,0.0001,1222.1357371807098,3.3580822944641118,0.6562342246373495,0.9843495786190032,0.3589489857355754,2.3790999352931976,1.5535555283228557,0.3264330675204595,agnews_external_confirmation_F6_H8_D64_F6_seed327.csv
agnews_external_confirmation_F6,preregistered_agnews_external_confirmation_F6,H8_D64,AG News,,sentence-transformers/all-MiniLM-L6-v2,6,328,0.163818359375,-0.0034179687499999,0.163818359375,-0.0034179687499999,0.163818359375,0.1728515625,0.007421875,False,False,False,False,0.4166666666666667,0.513888888888889,0.1666666666666666,0.0078125,384,512,6,8,64,512,3072,25447936,256,20000,20000,0.0001,0.0001,1220.099446058273,3.244465112686157,0.6915102005004883,1.0320417036612828,0.3646889328956604,3.438439577817917,1.4688645998636882,0.3629658768574397,agnews_external_confirmation_F6_H8_D64_F6_seed328.csv
agnews_external_confirmation_F6,preregistered_agnews_external_confirmation_F6,H8_D64,AG News,,sentence-transformers/all-MiniLM-L6-v2,6,329,0.931884765625,0.91826171875,0.9208984375,0.905078125,0.9208984375,0.931884765625,0.91826171875,True,True,True,True,0.4166666666666667,0.513888888888889,0.1666666666666666,0.0078125,384,512,6,8,64,512,3072,25447936,256,20000,20000,0.0001,0.0001,1214.4229888916016,4.427549362182617,1.4987611373265584,1.7428452372550964,0.508211667339007,15.844204584757486,0.5167153278986613,0.7888655165831248,agnews_external_confirmation_F6_H8_D64_F6_seed329.csv
agnews_external_confirmation_F6,preregistered_agnews_external_confirmation_F6,H8_D64,AG News,,sentence-transformers/all-MiniLM-L6-v2,6,330,0.958251953125,0.94990234375,0.961181640625,0.95341796875,0.961181640625,0.958251953125,0.94990234375,True,True,True,True,0.4166666666666667,0.513888888888889,0.1666666666666666,0.0078125,384,512,6,8,64,512,3072,25447936,256,20000,20000,0.0001,0.0001,1213.005066156387,4.49495267868042,1.2500723898410795,1.4766655564308169,0.5354735751946768,9.452295462290444,0.5876522958278656,0.7561016082763672,agnews_external_confirmation_F6_H8_D64_F6_seed330.csv
agnews_external_confirmation_F6,preregistered_agnews_external_confirmation_F6,H8_D64,AG News,,sentence-transformers/all-MiniLM-L6-v2,6,331,0.193115234375,0.03173828125,0.1953125,0.034375,0.1953125,0.193115234375,0.03173828125,False,False,False,False,0.4166666666666667,0.513888888888889,0.1666666666666666,0.0078125,384,512,6,8,64,512,3072,25447936,256,20000,20000,0.0001,0.0001,1219.3263456821442,3.591554641723633,1.3298957000176113,1.144020249446233,0.3770975718895594,7.062691072622935,1.1562949220339458,0.5451087653636932,agnews_external_confirmation_F6_H8_D64_F6_seed331.csv
agnews_external_confirmation_F6,preregistered_agnews_external_confirmation_F6,H8_D64,AG News,,sentence-transformers/all-MiniLM-L6-v2,6,332,0.82568359375,0.7908203125,0.830810546875,0.79697265625,0.830810546875,0.82568359375,0.7908203125,True,True,True,True,0.4166666666666667,0.513888888888889,0.1666666666666666,0.0078125,384,512,6,8,64,512,3072,25447936,256,20000,20000,0.0001,0.0001,1216.799604177475,7.571641445159912,1.60476020971934,1.80961940685908,0.4836389869451523,18.71392560005188,0.4327343255281448,0.827736477057139,agnews_external_confirmation_F6_H8_D64_F6_seed332.csv
agnews_external_confirmation_F6,preregistered_agnews_external_confirmation_F6,H8_D64,AG News,,sentence-transformers/all-MiniLM-L6-v2,6,333,0.3349609375,0.201953125,0.32421875,0.1890625,0.32421875,0.3359375,0.203125,False,False,False,False,0.4166666666666667,0.513888888888889,0.1666666666666666,0.0078125,384,512,6,8,64,512,3072,25447936,256,20000,20000,0.0001,0.0001,1221.8717381954193,4.478959083557129,1.4800858696301775,1.2917132476965587,0.5114210098981857,8.50839352607727,0.9146548708279928,0.6307155738274256,agnews_external_confirmation_F6_H8_D64_F6_seed333.csv
agnews_external_confirmation_F6,preregistered_agnews_external_confirmation_F6,H8_D64,AG News,,sentence-transformers/all-MiniLM-L6-v2,6,334,0.69287109375,0.6314453125,0.685302734375,0.6223632812500001,0.685302734375,0.69287109375,0.6314453125,True,True,False,True,0.4166666666666667,0.513888888888889,0.1666666666666666,0.0078125,384,512,6,8,64,512,3072,25447936,256,20000,20000,0.0001,0.0001,1221.9604301452637,9.937904357910156,1.273947298526764,1.4749709566434224,0.4810534367958705,11.38684477408727,0.5967439512411753,0.7623647352059683,agnews_external_confirmation_F6_H8_D64_F6_seed334.csv
agnews_external_confirmation_F6,preregistered_agnews_external_confirmation_F6,H8_D64,AG News,,sentence-transformers/all-MiniLM-L6-v2,6,335,0.210205078125,0.05224609375,0.224609375,0.06953125,0.224609375,0.213134765625,0.05576171875,False,False,False,False,0.4166666666666667,0.513888888888889,0.1666666666666666,0.0078125,384,512,6,8,64,512,3072,25447936,256,20000,20000,0.0001,0.0001,800.1654176712036,3.3918914794921875,1.3506093223889668,1.2082881033420565,0.3958305368820826,8.055301348368326,1.1886610488096874,0.5095759878555933,agnews_external_confirmation_F6_H8_D64_F6_seed335.csv
agnews_external_confirmation_F6,preregistered_agnews_external_confirmation_F6,H8_D64,AG News,,sentence-transformers/all-MiniLM-L6-v2,6,336,0.80419921875,0.7650390625,0.810791015625,0.77294921875,0.810791015625,0.80419921875,0.7650390625,True,True,True,True,0.4166666666666667,0.513888888888889,0.1666666666666666,0.0078125,384,512,6,8,64,512,3072,25447936,256,20000,20000,0.0001,0.0001,1235.902850151062,9.409385681152344,1.4484555919965107,1.5207742253939311,0.5540334781010946,12.423943003018698,0.6438450614611307,0.7215156555175781,agnews_external_confirmation_F6_H8_D64_F6_seed336.csv
agnews_external_confirmation_F6,preregistered_agnews_external_confirmation_F6,H8_D64,AG News,,sentence-transformers/all-MiniLM-L6-v2,6,337,0.8173828125,0.780859375,0.815185546875,0.77822265625,0.815185546875,0.8173828125,0.780859375,True,True,True,True,0.4166666666666667,0.513888888888889,0.1666666666666666,0.0078125,384,512,6,8,64,512,3072,25447936,256,20000,20000,0.0001,0.0001,1234.8482775688171,5.653110504150391,1.6227513353029888,1.665217896302541,0.4718333929777145,16.282782038052876,0.4300523102283478,0.8256652156511942,agnews_external_confirmation_F6_H8_D64_F6_seed337.csv
agnews_external_confirmation_F6,preregistered_agnews_external_confirmation_F6,H8_D64,AG News,,sentence-transformers/all-MiniLM-L6-v2,6,338,0.991455078125,0.98974609375,0.987060546875,0.98447265625,0.987060546875,0.991455078125,0.98974609375,True,True,True,True,0.4166666666666667,0.513888888888889,0.1666666666666666,0.0078125,384,512,6,8,64,512,3072,25447936,256,20000,20000,0.0001,0.0001,1233.341298341751,1.722501516342163,1.2079302966594696,1.5687237580617268,0.5195788691441218,7.966358145078023,0.4694032669067383,0.8183034956455231,agnews_external_confirmation_F6_H8_D64_F6_seed338.csv
agnews_external_confirmation_F6,preregistered_agnews_external_confirmation_F6,H8_D64,AG News,,sentence-transformers/all-MiniLM-L6-v2,6,339,0.2890625,0.146875,0.291748046875,0.15009765625,0.291748046875,0.2890625,0.146875,False,False,False,False,0.4166666666666667,0.513888888888889,0.1666666666666666,0.0078125,384,512,6,8,64,512,3072,25447936,256,20000,20000,0.0001,0.0001,1236.1558599472046,4.266601085662842,1.444418892264366,1.217225044965744,0.4622229437033335,7.239254812399547,1.0339238544305165,0.5708240320285162,agnews_external_confirmation_F6_H8_D64_F6_seed339.csv
agnews_external_confirmation_F6,preregistered_agnews_external_confirmation_F6,H8_D64,AG News,,sentence-transformers/all-MiniLM-L6-v2,6,340,0.989501953125,0.98740234375,0.991943359375,0.99033203125,0.991943359375,0.989990234375,0.98798828125,True,True,True,True,0.4166666666666667,0.513888888888889,0.1666666666666666,0.0078125,384,512,6,8,64,512,3072,25447936,256,20000,20000,0.0001,0.0001,1230.3823628425598,2.9637293815612797,1.3224253455797832,1.427290270725886,0.5265573660532633,6.995509783426921,0.5981563876072565,0.7613718807697296,agnews_external_confirmation_F6_H8_D64_F6_seed340.csv
agnews_external_confirmation_F6,preregistered_agnews_external_confirmation_F6,H8_D64,AG News,,sentence-transformers/all-MiniLM-L6-v2,6,341,0.466552734375,0.35986328125,0.47412109375,0.3689453125,0.47412109375,0.467529296875,0.36103515625,False,False,False,False,0.4166666666666667,0.513888888888889,0.1666666666666666,0.0078125,384,512,6,8,64,512,3072,25447936,256,20000,20000,0.0001,0.0001,1235.8641321659088,5.560401439666748,1.1903651158014934,1.2304372787475586,0.4701029856999715,7.7056044936180115,0.7832086831331253,0.6840675274531046,agnews_external_confirmation_F6_H8_D64_F6_seed341.csv
agnews_external_confirmation_F6,preregistered_agnews_external_confirmation_F6,H8_D64,AG News,,sentence-transformers/all-MiniLM-L6-v2,6,342,0.838623046875,0.80634765625,0.8525390625,0.823046875,0.8525390625,0.838623046875,0.80634765625,True,True,True,True,0.4166666666666667,0.513888888888889,0.1666666666666666,0.0078125,384,512,6,8,64,512,3072,25447936,256,20000,20000,0.0001,0.0001,1234.897294998169,6.508519649505615,1.549411455790202,1.8419666488965352,0.5028865337371826,17.491608103116352,0.4657763242721557,0.809315949678421,agnews_external_confirmation_F6_H8_D64_F6_seed342.csv
agnews_external_confirmation_F6,preregistered_agnews_external_confirmation_F6,H8_D64,AG News,,sentence-transformers/all-MiniLM-L6-v2,6,343,0.205322265625,0.04638671875,0.218505859375,0.06220703125,0.218505859375,0.205322265625,0.04638671875,False,False,False,False,0.4166666666666667,0.513888888888889,0.1666666666666666,0.0078125,384,512,6,8,64,512,3072,25447936,256,20000,20000,0.0001,0.0001,1236.3920004367828,3.346401691436768,1.4781812926133473,1.1993326942125957,0.3873991767565409,8.493401149908701,1.0560262004534404,0.5608064532279968,agnews_external_confirmation_F6_H8_D64_F6_seed343.csv
agnews_external_confirmation_F6,preregistered_agnews_external_confirmation_F6,H8_D64,AG News,,sentence-transformers/all-MiniLM-L6-v2,6,344,0.166748046875,9.765625000001108e-05,0.1630859375,-0.0042968749999999,0.1630859375,0.17529296875,0.0103515625,False,False,False,False,0.4166666666666667,0.513888888888889,0.1666666666666666,0.0078125,384,512,6,8,64,512,3072,25447936,256,20000,20000,0.0001,0.0001,1235.7213251590729,3.3541176319122314,0.6234256972869238,0.9700198670228324,0.3482089812556903,2.1034004936615625,1.6103216608365376,0.3005833824475606,agnews_external_confirmation_F6_H8_D64_F6_seed344.csv
agnews_external_confirmation_F6,preregistered_agnews_external_confirmation_F6,H8_D64,AG News,,sentence-transformers/all-MiniLM-L6-v2,6,345,0.1728515625,0.007421875,0.165771484375,-0.0010742187499999,0.165771484375,0.17919921875,0.0150390625,False,False,False,False,0.4166666666666667,0.513888888888889,0.1666666666666666,0.0078125,384,512,6,8,64,512,3072,25447936,256,20000,20000,0.0001,0.0001,1237.035965681076,3.191237688064575,0.6286699970563253,0.9618304669857024,0.3374898408850034,2.065120975176493,1.6108215649922688,0.3019509265820185,agnews_external_confirmation_F6_H8_D64_F6_seed345.csv
agnews_external_confirmation_F6,preregistered_agnews_external_confirmation_F6,H8_D64,AG News,,sentence-transformers/all-MiniLM-L6-v2,6,346,0.822265625,0.78671875,0.821044921875,0.78525390625,0.821044921875,0.82275390625,0.7873046875,True,True,True,True,0.4166666666666667,0.513888888888889,0.1666666666666666,0.0078125,384,512,6,8,64,512,3072,25447936,256,20000,20000,0.0001,0.0001,1236.3924386501312,6.757604598999023,1.8153618375460308,1.996902585029602,0.4706883082787196,24.359718163808186,0.4700338294108708,0.8082527418931326,agnews_external_confirmation_F6_H8_D64_F6_seed346.csv
agnews_external_confirmation_F6,preregistered_agnews_external_confirmation_F6,H8_D64,AG News,,sentence-transformers/all-MiniLM-L6-v2,6,347,0.182373046875,0.01884765625,0.1796875,0.015625,0.1796875,0.182373046875,0.01884765625,False,False,False,False,0.4166666666666667,0.513888888888889,0.1666666666666666,0.0078125,384,512,6,8,64,512,3072,25447936,256,20000,20000,0.0001,0.0001,1238.1660661697388,3.40608286857605,1.0366022735834122,0.9431036959091822,0.3791262358427048,3.47809773683548,1.433396855990092,0.387245108683904,agnews_external_confirmation_F6_H8_D64_F6_seed347.csv
agnews_external_confirmation_F6,preregistered_agnews_external_confirmation_F6,H8_D64,AG News,,sentence-transformers/all-MiniLM-L6-v2,6,348,0.28662109375,0.1439453125,0.28466796875,0.1416015625,0.28466796875,0.287109375,0.14453125,False,False,False,False,0.4166666666666667,0.513888888888889,0.1666666666666666,0.0078125,384,512,6,8,64,512,3072,25447936,256,20000,20000,0.0001,0.0001,1238.6429760456083,4.383306980133057,1.5560095608234406,1.2306409974892931,0.4693495631217956,5.948566734790802,1.1325932244459789,0.5387947410345078,agnews_external_confirmation_F6_H8_D64_F6_seed348.csv
agnews_external_confirmation_F6,preregistered_agnews_external_confirmation_F6,H8_D64,AG News,,sentence-transformers/all-MiniLM-L6-v2,6,349,0.905517578125,0.88662109375,0.919677734375,0.90361328125,0.919677734375,0.905517578125,0.88662109375,True,True,True,True,0.4166666666666667,0.513888888888889,0.1666666666666666,0.0078125,384,512,6,8,64,512,3072,25447936,256,20000,20000,0.0001,0.0001,1237.7845487594604,4.985937595367432,1.4099765717983246,1.680511653423309,0.5108281771341959,14.71315614382426,0.5034044285615286,0.7885777155558268,agnews_external_confirmation_F6_H8_D64_F6_seed349.csv
agnews_external_confirmation_F6,preregistered_agnews_external_confirmation_F6,H8_D64,AG News,,sentence-transformers/all-MiniLM-L6-v2,6,350,0.884521484375,0.86142578125,0.8935546875,0.872265625,0.8935546875,0.88525390625,0.8623046875,True,True,True,True,0.4166666666666667,0.513888888888889,0.1666666666666666,0.0078125,384,512,6,8,64,512,3072,25447936,256,20000,20000,0.0001,0.0001,1234.0792078971865,10.112459182739258,1.690099447965622,1.8848297794659927,0.4955369085073471,19.519848267237347,0.4113429759939511,0.8303327957789103,agnews_external_confirmation_F6_H8_D64_F6_seed350.csv
agnews_external_confirmation_F6,preregistered_agnews_external_confirmation_F6,H8_D64,AG News,,sentence-transformers/all-MiniLM-L6-v2,6,351,0.95947265625,0.9513671875,0.961669921875,0.95400390625,0.961669921875,0.95947265625,0.9513671875,True,True,True,True,0.4166666666666667,0.513888888888889,0.1666666666666666,0.0078125,384,512,6,8,64,512,3072,25447936,256,20000,20000,0.0001,0.0001,1234.5888760089874,5.300473690032959,1.3333747386932373,1.5676348805427551,0.5306179275115331,11.392655531565348,0.5785615344842275,0.7547804911931356,agnews_external_confirmation_F6_H8_D64_F6_seed351.csv
agnews_external_confirmation_F6,preregistered_agnews_external_confirmation_F6,H8_D64,AG News,,sentence-transformers/all-MiniLM-L6-v2,6,352,0.987060546875,0.98447265625,0.99072265625,0.9888671875,0.99072265625,0.987060546875,0.98447265625,True,True,True,True,0.4166666666666667,0.513888888888889,0.1666666666666666,0.0078125,384,512,6,8,64,512,3072,25447936,256,20000,20000,0.0001,0.0001,1233.495195865631,1.892406940460205,1.1864491204420726,1.5944833358128865,0.5316889137029648,8.33774463335673,0.5980664094289144,0.7625676691532135,agnews_external_confirmation_F6_H8_D64_F6_seed352.csv
agnews_external_confirmation_F6,preregistered_agnews_external_confirmation_F6,H8_D64,AG News,,sentence-transformers/all-MiniLM-L6-v2,6,353,0.169189453125,0.00302734375,0.169677734375,0.00361328125,0.169677734375,0.174560546875,0.00947265625,False,False,False,False,0.4166666666666667,0.513888888888889,0.1666666666666666,0.0078125,384,512,6,8,64,512,3072,25447936,256,20000,20000,0.0001,0.0001,1235.824838399887,3.4243860244750977,1.0249551584323249,0.957824448744456,0.3736875181396802,3.714056372642517,1.4341769814491272,0.3887854466835658,agnews_external_confirmation_F6_H8_D64_F6_seed353.csv
agnews_external_confirmation_F6,preregistered_agnews_external_confirmation_F6,H8_D64,AG News,,sentence-transformers/all-MiniLM-L6-v2,6,354,0.917236328125,0.90068359375,0.925048828125,0.91005859375,0.925048828125,0.917236328125,0.90068359375,True,True,True,True,0.4166666666666667,0.513888888888889,0.1666666666666666,0.0078125,384,512,6,8,64,512,3072,25447936,256,20000,20000,0.0001,0.0001,1235.8054785728457,6.64752721786499,1.305732548236847,1.6753561695416768,0.5233293424050013,13.07531221707662,0.5842352161804835,0.7629938820997874,agnews_external_confirmation_F6_H8_D64_F6_seed354.csv
agnews_external_confirmation_F6,preregistered_agnews_external_confirmation_F6,H8_D64,AG News,,sentence-transformers/all-MiniLM-L6-v2,6,355,0.96337890625,0.9560546875,0.9716796875,0.966015625,0.9716796875,0.9638671875,0.956640625,True,True,True,True,0.4166666666666667,0.513888888888889,0.1666666666666666,0.0078125,384,512,6,8,64,512,3072,25447936,256,20000,20000,0.0001,0.0001,1232.554289340973,2.7810842990875244,1.279917448759079,1.5833315054575603,0.4930686602989833,9.982519110043844,0.5227363010247549,0.7886833449204763,agnews_external_confirmation_F6_H8_D64_F6_seed355.csv
agnews_external_confirmation_F6,preregistered_agnews_external_confirmation_F6,H8_D64,AG News,,sentence-transformers/all-MiniLM-L6-v2,6,356,0.374267578125,0.24912109375,0.379150390625,0.25498046875,0.379150390625,0.374267578125,0.24912109375,False,False,False,False,0.4166666666666667,0.513888888888889,0.1666666666666666,0.0078125,384,512,6,8,64,512,3072,25447936,256,20000,20000,0.0001,0.0001,1238.0142059326172,3.9495632648468018,1.0922903567552569,1.1912652750809989,0.398208682735761,6.583826462427775,0.8711725920438766,0.6527394155661265,agnews_external_confirmation_F6_H8_D64_F6_seed356.csv
agnews_external_confirmation_F6,preregistered_agnews_external_confirmation_F6,H8_D64,AG News,,sentence-transformers/all-MiniLM-L6-v2,6,357,0.802978515625,0.76357421875,0.80712890625,0.7685546875,0.80712890625,0.802978515625,0.76357421875,True,True,True,True,0.4166666666666667,0.513888888888889,0.1666666666666666,0.0078125,384,512,6,8,64,512,3072,25447936,256,20000,20000,0.0001,0.0001,1237.1074645519257,6.690159797668457,1.5638664960861206,1.5645999908447266,0.5527270485957464,13.863859057426453,0.4971861938635508,0.7905910611152649,agnews_external_confirmation_F6_H8_D64_F6_seed357.csv
agnews_external_confirmation_F6,preregistered_agnews_external_confirmation_F6,H8_D64,AG News,,sentence-transformers/all-MiniLM-L6-v2,6,358,0.967529296875,0.96103515625,0.970947265625,0.96513671875,0.970947265625,0.968017578125,0.96162109375,True,True,True,True,0.4166666666666667,0.513888888888889,0.1666666666666666,0.0078125,384,512,6,8,64,512,3072,25447936,256,20000,20000,0.0001,0.0001,1233.7229900360107,3.87065315246582,1.238021453221639,1.60789692401886,0.4856056123971939,9.623363812764486,0.5970094551642736,0.7565142810344696,agnews_external_confirmation_F6_H8_D64_F6_seed358.csv
agnews_external_confirmation_F6,preregistered_agnews_external_confirmation_F6,H8_D64,AG News,,sentence-transformers/all-MiniLM-L6-v2,6,359,0.880615234375,0.85673828125,0.88916015625,0.8669921875,0.88916015625,0.880615234375,0.85673828125,True,True,True,True,0.4166666666666667,0.513888888888889,0.1666666666666666,0.0078125,384,512,6,8,64,512,3072,25447936,256,20000,20000,0.0001,0.0001,1234.3446328639984,4.8136725425720215,1.3885430892308552,1.7665221095085144,0.5165711492300034,15.113661328951515,0.5209052016337713,0.7857926388581594,agnews_external_confirmation_F6_H8_D64_F6_seed359.csv
agnews_external_confirmation_F6,preregistered_agnews_external_confirmation_F6,H8_D64,AG News,,sentence-transformers/all-MiniLM-L6-v2,6,360,0.967529296875,0.96103515625,0.96923828125,0.9630859375,0.96923828125,0.967529296875,0.96103515625,True,True,True,True,0.4166666666666667,0.513888888888889,0.1666666666666666,0.0078125,384,512,6,8,64,512,3072,25447936,256,20000,20000,0.0001,0.0001,1234.6371009349823,3.751120090484619,1.2478255033493042,1.6431838274002075,0.5212370306253433,10.751966079076132,0.6018790453672409,0.7510806918144226,agnews_external_confirmation_F6_H8_D64_F6_seed360.csv
agnews_external_confirmation_F6,preregistered_agnews_external_confirmation_F6,H8_D64,AG News,,sentence-transformers/all-MiniLM-L6-v2,6,361,0.166259765625,-0.0004882812499999,0.15869140625,-0.0095703124999999,0.15869140625,0.17578125,0.0109375,False,False,False,False,0.4166666666666667,0.513888888888889,0.1666666666666666,0.0078125,384,512,6,8,64,512,3072,25447936,256,20000,20000,0.0001,0.0001,1238.3237533569336,3.3997387886047363,0.7016730457544327,1.0065141916275024,0.3575735812385877,3.0094573895136514,1.4882267117500303,0.3527459502220154,agnews_external_confirmation_F6_H8_D64_F6_seed361.csv
agnews_external_confirmation_F6,preregistered_agnews_external_confirmation_F6,H8_D64,AG News,,sentence-transformers/all-MiniLM-L6-v2,6,362,0.4755859375,0.370703125,0.47998046875,0.3759765625,0.47998046875,0.4755859375,0.370703125,False,False,False,False,0.4166666666666667,0.513888888888889,0.1666666666666666,0.0078125,384,512,6,8,64,512,3072,25447936,256,20000,20000,0.0001,0.0001,1238.2928364276886,4.863465785980225,1.653927008310954,1.4402584930260975,0.4344445814689,11.18247499068578,0.7942131360371908,0.6702167640129725,agnews_external_confirmation_F6_H8_D64_F6_seed362.csv
agnews_external_confirmation_F6,preregistered_agnews_external_confirmation_F6,H8_D64,AG News,,sentence-transformers/all-MiniLM-L6-v2,6,363,0.82958984375,0.7955078125,0.834228515625,0.80107421875,0.834228515625,0.83056640625,0.7966796875,True,True,True,True,0.4166666666666667,0.513888888888889,0.1666666666666666,0.0078125,384,512,6,8,64,512,3072,25447936,256,20000,20000,0.0001,0.0001,1238.263014793396,5.342421531677246,1.477465291817983,1.816010594367981,0.5015802482763926,16.178487698237102,0.4437196105718612,0.8188675741354624,agnews_external_confirmation_F6_H8_D64_F6_seed363.csv
agnews_external_confirmation_F6,preregistered_agnews_external_confirmation_F6,H8_D64,AG News,,sentence-transformers/all-MiniLM-L6-v2,6,364,0.954345703125,0.94521484375,0.955810546875,0.94697265625,0.955810546875,0.95654296875,0.9478515625,True,True,True,True,0.4166666666666667,0.513888888888889,0.1666666666666666,0.0078125,384,512,6,8,64,512,3072,25447936,256,20000,20000,0.0001,0.0001,1239.1585569381714,4.053686141967773,1.2124279240767162,1.4259461561838789,0.5394887030124664,8.02297039826711,0.6921812295913696,0.7107737958431244,agnews_external_confirmation_F6_H8_D64_F6_seed364.csv
agnews_external_confirmation_F6,preregistered_agnews_external_confirmation_F6,H8_D64,AG News,,sentence-transformers/all-MiniLM-L6-v2,6,365,0.1669921875,0.000390625,0.166748046875,9.765625000001108e-05,0.166748046875,0.175048828125,0.01005859375,False,False,False,False,0.4166666666666667,0.513888888888889,0.1666666666666666,0.0078125,384,512,6,8,64,512,3072,25447936,256,20000,20000,0.0001,0.0001,1239.479859828949,3.2736856937408447,0.6813513884941736,1.0121886680523555,0.359324758251508,2.977723111708959,1.500552813212077,0.3468203494946162,agnews_external_confirmation_F6_H8_D64_F6_seed365.csv
agnews_external_confirmation_F6,preregistered_agnews_external_confirmation_F6,H8_D64,AG News,,sentence-transformers/all-MiniLM-L6-v2,6,366,0.961669921875,0.95400390625,0.96875,0.9625,0.96875,0.962646484375,0.95517578125,True,True,True,True,0.4166666666666667,0.513888888888889,0.1666666666666666,0.0078125,384,512,6,8,64,512,3072,25447936,256,20000,20000,0.0001,0.0001,1237.340384721756,4.041538715362549,1.3027257919311523,1.5648644268512726,0.5016918728748957,9.919463276863098,0.6156205385923386,0.7424419820308685,agnews_external_confirmation_F6_H8_D64_F6_seed366.csv
agnews_external_confirmation_F6,preregistered_agnews_external_confirmation_F6,H8_D64,AG News,,sentence-transformers/all-MiniLM-L6-v2,6,367,0.78076171875,0.7369140625,0.7802734375,0.736328125,0.7802734375,0.781494140625,0.73779296875,True,True,False,True,0.4166666666666667,0.513888888888889,0.1666666666666666,0.0078125,384,512,6,8,64,512,3072,25447936,256,20000,20000,0.0001,0.0001,1239.5265862941742,8.569863319396973,1.6406546135743458,1.7586485147476196,0.4732023030519485,19.408748189608257,0.3983746767044067,0.8428953091303507,agnews_external_confirmation_F6_H8_D64_F6_seed367.csv
agnews_external_confirmation_F6,preregistered_agnews_external_confirmation_F6,H8_D64,AG News,,sentence-transformers/all-MiniLM-L6-v2,6,368,0.29296875,0.1515625,0.29541015625,0.1544921875,0.29541015625,0.29296875,0.1515625,False,False,False,False,0.4166666666666667,0.513888888888889,0.1666666666666666,0.0078125,384,512,6,8,64,512,3072,25447936,256,20000,20000,0.0001,0.0001,1239.7230989933014,3.5845959186553955,1.4448865056037905,1.1689784427483876,0.4036379506190617,6.983067512512207,1.0852635900179546,0.5721016128857931,agnews_external_confirmation_F6_H8_D64_F6_seed368.csv
agnews_external_confirmation_F6,preregistered_agnews_external_confirmation_F6,H8_D64,AG News,,sentence-transformers/all-MiniLM-L6-v2,6,369,0.902587890625,0.88310546875,0.90185546875,0.8822265625,0.90185546875,0.902587890625,0.88310546875,True,True,True,True,0.4166666666666667,0.513888888888889,0.1666666666666666,0.0078125,384,512,6,8,64,512,3072,25447936,256,20000,20000,0.0001,0.0001,1238.673335313797,5.668703556060791,1.5658663312594097,1.8634231686592104,0.5102282216151556,18.97208309173584,0.5085684756437937,0.792353610197703,agnews_external_confirmation_F6_H8_D64_F6_seed369.csv
agnews_external_confirmation_F6,preregistered_agnews_external_confirmation_F6,H8_D64,AG News,,sentence-transformers/all-MiniLM-L6-v2,6,370,0.9873046875,0.984765625,0.98876953125,0.9865234375,0.98876953125,0.9873046875,0.984765625,True,True,True,True,0.4166666666666667,0.513888888888889,0.1666666666666666,0.0078125,384,512,6,8,64,512,3072,25447936,256,20000,20000,0.0001,0.0001,1097.662385225296,1.6078563928604126,1.1766590078671773,1.5569361944993336,0.5167757521073023,7.6250538031260175,0.6351025104522705,0.7475497126579285,agnews_external_confirmation_F6_H8_D64_F6_seed370.csv
agnews_external_confirmation_F6,preregistered_agnews_external_confirmation_F6,H8_D64,AG News,,sentence-transformers/all-MiniLM-L6-v2,6,371,0.823974609375,0.78876953125,0.824462890625,0.78935546875,0.824462890625,0.823974609375,0.78876953125,True,True,True,True,0.4166666666666667,0.513888888888889,0.1666666666666666,0.0078125,384,512,6,8,64,512,3072,25447936,256,20000,20000,0.0001,0.0001,1199.613373041153,9.118318557739258,1.8443800409634907,1.962740699450175,0.4712845782438914,23.57318079471588,0.4339604079723358,0.8282435834407806,agnews_external_confirmation_F6_H8_D64_F6_seed371.csv
agnews_external_confirmation_F6,preregistered_agnews_external_confirmation_F6,H8_D64,AG News,,sentence-transformers/all-MiniLM-L6-v2,6,372,0.166748046875,9.765625000001108e-05,0.166748046875,9.765625000001108e-05,0.166748046875,0.1787109375,0.014453125,False,False,False,False,0.4166666666666667,0.513888888888889,0.1666666666666666,0.0078125,384,512,6,8,64,512,3072,25447936,256,20000,20000,0.0001,0.0001,1202.9685580730438,3.200712203979492,0.6437544822692871,0.9749505072832108,0.3387064461906751,2.105648244420687,1.6133647362391157,0.3001827597618103,agnews_external_confirmation_F6_H8_D64_F6_seed372.csv
agnews_external_confirmation_F6,preregistered_agnews_external_confirmation_F6,H8_D64,AG News,,sentence-transformers/all-MiniLM-L6-v2,6,373,0.17138671875,0.0056640625,0.171142578125,0.00537109375,0.171142578125,0.175537109375,0.01064453125,False,False,False,False,0.4166666666666667,0.513888888888889,0.1666666666666666,0.0078125,384,512,6,8,64,512,3072,25447936,256,20000,20000,0.0001,0.0001,1199.343618631363,3.159062623977661,0.6740810324748358,1.0120941897233326,0.36256076892217,2.97468172510465,1.4921981692314148,0.3495334684848785,agnews_external_confirmation_F6_H8_D64_F6_seed373.csv
agnews_external_confirmation_F6,preregistered_agnews_external_confirmation_F6,H8_D64,AG News,,sentence-transformers/all-MiniLM-L6-v2,6,374,0.167236328125,0.00068359375,0.16943359375,0.0033203125,0.16943359375,0.180419921875,0.01650390625,False,False,False,False,0.4166666666666667,0.513888888888889,0.1666666666666666,0.0078125,384,512,6,8,64,512,3072,25447936,256,20000,20000,0.0001,0.0001,1201.6625487804413,3.417930841445923,0.7963345249493917,0.959087535738945,0.3605437725782394,2.8590149680773416,1.5177609125773113,0.3438837975263595,agnews_external_confirmation_F6_H8_D64_F6_seed374.csv
agnews_external_confirmation_F6,preregistered_agnews_external_confirmation_F6,H8_D64,AG News,,sentence-transformers/all-MiniLM-L6-v2,6,375,0.98486328125,0.9818359375,0.98779296875,0.9853515625,0.98779296875,0.985107421875,0.98212890625,True,True,True,True,0.4166666666666667,0.513888888888889,0.1666666666666666,0.0078125,384,512,6,8,64,512,3072,25447936,256,20000,20000,0.0001,0.0001,1196.9767954349518,1.4578155279159546,1.1810308198134103,1.494494100411733,0.5034927328427633,7.182905038197835,0.6397058069705963,0.7432559231917063,agnews_external_confirmation_F6_H8_D64_F6_seed375.csv
agnews_external_confirmation_F6,preregistered_agnews_external_confirmation_F6,H8_D64,AG News,,sentence-transformers/all-MiniLM-L6-v2,6,376,0.967529296875,0.96103515625,0.966064453125,0.95927734375,0.966064453125,0.968505859375,0.96220703125,True,True,True,True,0.4166666666666667,0.513888888888889,0.1666666666666666,0.0078125,384,512,6,8,64,512,3072,25447936,256,20000,20000,0.0001,0.0001,1195.9263899326324,1.123216986656189,1.3546553750832877,1.6254860858122508,0.5075428734223048,11.778023799260458,0.4878674149513244,0.8053234616915385,agnews_external_confirmation_F6_H8_D64_F6_seed376.csv
agnews_external_confirmation_F6,preregistered_agnews_external_confirmation_F6,H8_D64,AG News,,sentence-transformers/all-MiniLM-L6-v2,6,377,0.6357421875,0.562890625,0.6337890625,0.560546875,0.6337890625,0.6357421875,0.562890625,True,True,False,True,0.4166666666666667,0.513888888888889,0.1666666666666666,0.0078125,384,512,6,8,64,512,3072,25447936,256,20000,20000,0.0001,0.0001,1196.265275478363,7.90151834487915,1.074658860762914,1.5848163266976674,0.5513472954432169,8.894204417864481,0.7606847037871679,0.6927805145581564,agnews_external_confirmation_F6_H8_D64_F6_seed377.csv
agnews_external_confirmation_F6,preregistered_agnews_external_confirmation_F6,H8_D64,AG News,,sentence-transformers/all-MiniLM-L6-v2,6,378,0.790771484375,0.74892578125,0.80029296875,0.7603515625,0.80029296875,0.7919921875,0.750390625,True,True,True,True,0.4166666666666667,0.513888888888889,0.1666666666666666,0.0078125,384,512,6,8,64,512,3072,25447936,256,20000,20000,0.0001,0.0001,1193.4171431064606,7.6147847175598145,1.3442236582438152,1.7857380509376526,0.4902867078781128,14.742445508639015,0.4765657732884089,0.8083196878433228,agnews_external_confirmation_F6_H8_D64_F6_seed378.csv
agnews_external_confirmation_F6,preregistered_agnews_external_confirmation_F6,H8_D64,AG News,,sentence-transformers/all-MiniLM-L6-v2,6,379,0.1708984375,0.005078125,0.1708984375,0.005078125,0.1708984375,0.17236328125,0.0068359375,False,False,False,False,0.4166666666666667,0.513888888888889,0.1666666666666666,0.0078125,384,512,6,8,64,512,3072,25447936,256,20000,20000,0.0001,0.0001,311.7141122817993,3.633334398269653,0.7076891710360845,1.0227540582418442,0.3685183972120285,2.950131187836329,1.4900467197100322,0.3494854569435119,agnews_external_confirmation_F6_H8_D64_F6_seed379.csv
agnews_external_confirmation_F6,preregistered_agnews_external_confirmation_F6,H8_D64,AG News,,sentence-transformers/all-MiniLM-L6-v2,6,380,0.16650390625,-0.0001953124999999,0.17138671875,0.0056640625,0.17138671875,0.176025390625,0.01123046875,False,False,False,False,0.4166666666666667,0.513888888888889,0.1666666666666666,0.0078125,384,512,6,8,64,512,3072,25447936,256,20000,20000,0.0001,0.0001,1253.208019733429,3.27681565284729,0.6238493770360947,0.923325022061666,0.3367605184515317,2.00983801484108,1.611417253812154,0.3060440371433894,agnews_external_confirmation_F6_H8_D64_F6_seed380.csv
agnews_external_confirmation_F6,preregistered_agnews_external_confirmation_F6,H8_D64,AG News,,sentence-transformers/all-MiniLM-L6-v2,6,381,0.16162109375,-0.0060546874999999,0.16552734375,-0.0013671874999999,0.16552734375,0.178466796875,0.01416015625,False,False,False,False,0.4166666666666667,0.513888888888889,0.1666666666666666,0.0078125,384,512,6,8,64,512,3072,25447936,256,20000,20000,0.0001,0.0001,1254.8959991931915,3.341181755065918,0.6783469369014105,1.030219241976738,0.3438739031553268,2.375153382619222,1.5649152000745137,0.3241091469923655,agnews_external_confirmation_F6_H8_D64_F6_seed381.csv
agnews_external_confirmation_F6,preregistered_agnews_external_confirmation_F6,H8_D64,AG News,,sentence-transformers/all-MiniLM-L6-v2,6,382,0.1640625,-0.0031249999999999,0.16259765625,-0.0048828124999999,0.16259765625,0.178466796875,0.01416015625,False,False,False,False,0.4166666666666667,0.513888888888889,0.1666666666666666,0.0078125,384,512,6,8,64,512,3072,25447936,256,20000,20000,0.0001,0.0001,1254.1877505779266,3.438058614730835,0.6169079889853796,0.9763159652551016,0.3337471957008044,1.8288242866595583,1.626180628935496,0.2972746789455414,agnews_external_confirmation_F6_H8_D64_F6_seed382.csv
agnews_external_confirmation_F6,preregistered_agnews_external_confirmation_F6,H8_D64,AG News,,sentence-transformers/all-MiniLM-L6-v2,6,383,0.962646484375,0.95517578125,0.969970703125,0.96396484375,0.969970703125,0.963623046875,0.95634765625,True,True,True,True,0.4166666666666667,0.513888888888889,0.1666666666666666,0.0078125,384,512,6,8,64,512,3072,25447936,256,20000,20000,0.0001,0.0001,1249.6417348384855,4.499950885772705,1.3576134244600933,1.703428586324056,0.504830484588941,12.402106006940206,0.5348916600147883,0.7797127664089203,agnews_external_confirmation_F6_H8_D64_F6_seed383.csv
agnews_external_confirmation_F6,preregistered_agnews_external_confirmation_F6,H8_D64,AG News,,sentence-transformers/all-MiniLM-L6-v2,6,384,0.173583984375,0.00830078125,0.17138671875,0.0056640625,0.17138671875,0.18212890625,0.0185546875,False,False,False,False,0.4166666666666667,0.513888888888889,0.1666666666666666,0.0078125,384,512,6,8,64,512,3072,25447936,256,20000,20000,0.0001,0.0001,1251.2507524490356,3.24153208732605,0.6327161292235056,0.995218962430954,0.3435294106602669,2.2064271022876105,1.6107316613197329,0.3036901950836181,agnews_external_confirmation_F6_H8_D64_F6_seed384.csv
agnews_external_confirmation_F6,preregistered_agnews_external_confirmation_F6,H8_D64,AG News,,sentence-transformers/all-MiniLM-L6-v2,6,385,0.169677734375,0.00361328125,0.1640625,-0.0031249999999999,0.1640625,0.181884765625,0.01826171875,False,False,False,False,0.4166666666666667,0.513888888888889,0.1666666666666666,0.0078125,384,512,6,8,64,512,3072,25447936,256,20000,20000,0.0001,0.0001,1254.7119023799896,3.253864288330078,0.7625410258769989,0.95194473862648,0.3684638539950053,2.534349411725998,1.5288381576538086,0.3412130276362101,agnews_external_confirmation_F6_H8_D64_F6_seed385.csv
agnews_external_confirmation_F6,preregistered_agnews_external_confirmation_F6,H8_D64,AG News,,sentence-transformers/all-MiniLM-L6-v2,6,386,0.169189453125,0.00302734375,0.16064453125,-0.0072265624999999,0.16064453125,0.177978515625,0.01357421875,False,False,False,False,0.4166666666666667,0.513888888888889,0.1666666666666666,0.0078125,384,512,6,8,64,512,3072,25447936,256,20000,20000,0.0001,0.0001,1253.8749516010284,3.0748496055603027,0.8675831804672877,0.9170010934273402,0.3678058336178462,2.7874328394730887,1.4756336212158203,0.3644835899273554,agnews_external_confirmation_F6_H8_D64_F6_seed386.csv
agnews_external_confirmation_F6,preregistered_agnews_external_confirmation_F6,H8_D64,AG News,,sentence-transformers/all-MiniLM-L6-v2,6,387,0.831298828125,0.79755859375,0.8349609375,0.801953125,0.8349609375,0.831298828125,0.79755859375,True,True,True,True,0.4166666666666667,0.513888888888889,0.1666666666666666,0.0078125,384,512,6,8,64,512,3072,25447936,256,20000,20000,0.0001,0.0001,1252.6848802566528,10.1945161819458,1.3141900897026062,1.557075599829356,0.4988594204187393,11.597863713900248,0.5594752331574758,0.7740948796272278,agnews_external_confirmation_F6_H8_D64_F6_seed387.csv
agnews_external_confirmation_F6,preregistered_agnews_external_confirmation_F6,H8_D64,AG News,,sentence-transformers/all-MiniLM-L6-v2,6,388,0.1591796875,-0.0089843749999999,0.169921875,0.00390625,0.169921875,0.1767578125,0.012109375,False,False,False,False,0.4166666666666667,0.513888888888889,0.1666666666666666,0.0078125,384,512,6,8,64,512,3072,25447936,256,20000,20000,0.0001,0.0001,1254.7730872631073,3.2533559799194336,0.6783105929692587,1.000048602620761,0.3619230513771375,2.946267704168956,1.4827163418134053,0.3547302534182866,agnews_external_confirmation_F6_H8_D64_F6_seed388.csv
agnews_external_confirmation_F6,preregistered_agnews_external_confirmation_F6,H8_D64,AG News,,sentence-transformers/all-MiniLM-L6-v2,6,389,0.703125,0.64375,0.7001953125,0.640234375,0.7001953125,0.703125,0.64375,True,True,False,True,0.4166666666666667,0.513888888888889,0.1666666666666666,0.0078125,384,512,6,8,64,512,3072,25447936,256,20000,20000,0.0001,0.0001,1253.961693763733,9.965106010437012,1.274881273508072,1.5036545991897583,0.5022344440221786,10.056734720865885,0.6241669754187266,0.7497185667355856,agnews_external_confirmation_F6_H8_D64_F6_seed389.csv
agnews_external_confirmation_F6,preregistered_agnews_external_confirmation_F6,H8_D64,AG News,,sentence-transformers/all-MiniLM-L6-v2,6,390,0.968994140625,0.96279296875,0.966552734375,0.95986328125,0.966552734375,0.968994140625,0.96279296875,True,True,True,True,0.4166666666666667,0.513888888888889,0.1666666666666666,0.0078125,384,512,6,8,64,512,3072,25447936,256,20000,20000,0.0001,0.0001,1247.284940242767,3.4414851665496826,1.3408787449200947,1.7639103730519612,0.4866635253032048,12.365711530049644,0.4913242956002553,0.7951130171616873,agnews_external_confirmation_F6_H8_D64_F6_seed390.csv
agnews_external_confirmation_F6,preregistered_agnews_external_confirmation_F6,H8_D64,AG News,,sentence-transformers/all-MiniLM-L6-v2,6,391,0.9892578125,0.987109375,0.989990234375,0.98798828125,0.989990234375,0.989990234375,0.98798828125,True,True,True,True,0.4166666666666667,0.513888888888889,0.1666666666666666,0.0078125,384,512,6,8,64,512,3072,25447936,256,20000,20000,0.0001,0.0001,1252.332049369812,2.017007827758789,1.1672512193520863,1.451188584168752,0.5246793379386266,6.333038449287415,0.6541282584269842,0.741479367017746,agnews_external_confirmation_F6_H8_D64_F6_seed391.csv
agnews_external_confirmation_F6,preregistered_agnews_external_confirmation_F6,H8_D64,AG News,,sentence-transformers/all-MiniLM-L6-v2,6,392,0.990234375,0.98828125,0.9921875,0.990625,0.9921875,0.99072265625,0.9888671875,True,True,True,True,0.4166666666666667,0.513888888888889,0.1666666666666666,0.0078125,384,512,6,8,64,512,3072,25447936,256,20000,20000,0.0001,0.0001,1248.84729886055,1.2768248319625854,1.2834942837556202,1.436948150396347,0.5301681011915207,6.686115225156148,0.5779827833175659,0.7735625704129537,agnews_external_confirmation_F6_H8_D64_F6_seed392.csv
agnews_external_confirmation_F6,preregistered_agnews_external_confirmation_F6,H8_D64,AG News,,sentence-transformers/all-MiniLM-L6-v2,6,393,0.962890625,0.95546875,0.967529296875,0.96103515625,0.967529296875,0.962890625,0.95546875,True,True,True,True,0.4166666666666667,0.513888888888889,0.1666666666666666,0.0078125,384,512,6,8,64,512,3072,25447936,256,20000,20000,0.0001,0.0001,1248.4029059410095,1.280915141105652,1.2550289531548815,1.5441365440686543,0.5264159689346949,10.323347647984823,0.5941811750332514,0.7528080840905508,agnews_external_confirmation_F6_H8_D64_F6_seed393.csv
agnews_external_confirmation_F6,preregistered_agnews_external_confirmation_F6,H8_D64,AG News,,sentence-transformers/all-MiniLM-L6-v2,6,394,0.96044921875,0.9525390625,0.967529296875,0.96103515625,0.967529296875,0.96044921875,0.9525390625,True,True,True,True,0.4166666666666667,0.513888888888889,0.1666666666666666,0.0078125,384,512,6,8,64,512,3072,25447936,256,20000,20000,0.0001,0.0001,1246.7641077041626,4.949268817901611,1.3608448803424835,1.6088614066441853,0.5300520459810892,9.935173114140827,0.4940578192472458,0.8036010762055715,agnews_external_confirmation_F6_H8_D64_F6_seed394.csv
agnews_external_confirmation_F6,preregistered_agnews_external_confirmation_F6,H8_D64,AG News,,sentence-transformers/all-MiniLM-L6-v2,6,395,0.960693359375,0.95283203125,0.96826171875,0.9619140625,0.96826171875,0.960693359375,0.95283203125,True,True,True,True,0.4166666666666667,0.513888888888889,0.1666666666666666,0.0078125,384,512,6,8,64,512,3072,25447936,256,20000,20000,0.0001,0.0001,1246.8671305179596,3.531160354614258,1.278754949569702,1.6809436678886414,0.5134725173314413,11.347687125205994,0.5991097887357076,0.7511477371056875,agnews_external_confirmation_F6_H8_D64_F6_seed395.csv
agnews_external_confirmation_F6,preregistered_agnews_external_confirmation_F6,H8_D64,AG News,,sentence-transformers/all-MiniLM-L6-v2,6,396,0.357666015625,0.22919921875,0.34130859375,0.2095703125,0.34130859375,0.359619140625,0.23154296875,False,False,False,False,0.4166666666666667,0.513888888888889,0.1666666666666666,0.0078125,384,512,6,8,64,512,3072,25447936,256,20000,20000,0.0001,0.0001,945.218469619751,4.186865329742432,1.294659102956454,1.140931357940038,0.456165204445521,6.545507808526357,1.0268398821353912,0.5819488763809204,agnews_external_confirmation_F6_H8_D64_F6_seed396.csv
agnews_external_confirmation_F6,preregistered_agnews_external_confirmation_F6,H8_D64,AG News,,sentence-transformers/all-MiniLM-L6-v2,6,397,0.965576171875,0.95869140625,0.967529296875,0.96103515625,0.967529296875,0.965576171875,0.95869140625,True,True,True,True,0.4166666666666667,0.513888888888889,0.1666666666666666,0.0078125,384,512,6,8,64,512,3072,25447936,256,20000,20000,0.0001,0.0001,1154.408656835556,3.616389513015747,1.3190970321496327,1.6277171870072682,0.4996931304534276,10.396533012390137,0.5503557870785395,0.7712774872779846,agnews_external_confirmation_F6_H8_D64_F6_seed397.csv
agnews_external_confirmation_F6,preregistered_agnews_external_confirmation_F6,H8_D64,AG News,,sentence-transformers/all-MiniLM-L6-v2,6,398,0.9912109375,0.989453125,0.990234375,0.98828125,0.990234375,0.9912109375,0.989453125,True,True,True,True,0.4166666666666667,0.513888888888889,0.1666666666666666,0.0078125,384,512,6,8,64,512,3072,25447936,256,20000,20000,0.0001,0.0001,1158.426673412323,2.214724540710449,1.2073174019654591,1.4782461921374004,0.5036128163337708,6.528642654418945,0.6711645921071371,0.7323167423407236,agnews_external_confirmation_F6_H8_D64_F6_seed398.csv
agnews_external_confirmation_F6,preregistered_agnews_external_confirmation_F6,H8_D64,AG News,,sentence-transformers/all-MiniLM-L6-v2,6,399,0.95361328125,0.9443359375,0.95166015625,0.9419921875,0.95166015625,0.95361328125,0.9443359375,True,True,True,True,0.4166666666666667,0.513888888888889,0.1666666666666666,0.0078125,384,512,6,8,64,512,3072,25447936,256,20000,20000,0.0001,0.0001,1156.9996449947355,3.7276487350463863,1.3265997270743053,1.6737910509109497,0.5484330902496973,12.858908375104267,0.5589486410220464,0.7610530157883962,agnews_external_confirmation_F6_H8_D64_F6_seed399.csv
agnews_external_confirmation_F6,preregistered_agnews_external_confirmation_F6,H8_D64,AG News,,sentence-transformers/all-MiniLM-L6-v2,6,400,0.1923828125,0.030859375,0.193359375,0.03203125,0.193359375,0.1943359375,0.033203125,False,False,False,False,0.4166666666666667,0.513888888888889,0.1666666666666666,0.0078125,384,512,6,8,64,512,3072,25447936,256,20000,20000,0.0001,0.0001,1159.714049577713,3.433330535888672,1.2995547751585643,0.9791858096917472,0.3650319228569667,4.756963113943736,1.2938836415608723,0.4743596265713374,agnews_external_confirmation_F6_H8_D64_F6_seed400.csv
agnews_external_confirmation_F6,preregistered_agnews_external_confirmation_F6,H8_D64,AG News,,sentence-transformers/all-MiniLM-L6-v2,6,401,0.80126953125,0.7615234375,0.804443359375,0.76533203125,0.804443359375,0.80126953125,0.7615234375,True,True,True,True,0.4166666666666667,0.513888888888889,0.1666666666666666,0.0078125,384,512,6,8,64,512,3072,25447936,256,20000,20000,0.0001,0.0001,1158.7143692970276,5.086535930633545,1.4512533843517303,1.701532522837321,0.4572629431883494,13.935636838277182,0.4544616043567657,0.816214362780253,agnews_external_confirmation_F6_H8_D64_F6_seed401.csv
agnews_external_confirmation_F6,preregistered_agnews_external_confirmation_F6,H8_D64,AG News,,sentence-transformers/all-MiniLM-L6-v2,6,402,0.9541015625,0.944921875,0.957763671875,0.94931640625,0.957763671875,0.9541015625,0.944921875,True,True,True,True,0.4166666666666667,0.513888888888889,0.1666666666666666,0.0078125,384,512,6,8,64,512,3072,25447936,256,20000,20000,0.0001,0.0001,1149.1676404476166,5.991873741149902,1.1974474589029949,1.4922051032384236,0.5441042731205622,9.620370348294577,0.6191653112570444,0.7402478357156118,agnews_external_confirmation_F6_H8_D64_F6_seed402.csv
agnews_external_confirmation_F6,preregistered_agnews_external_confirmation_F6,H8_D64,AG News,,sentence-transformers/all-MiniLM-L6-v2,6,403,0.95751953125,0.9490234375,0.963623046875,0.95634765625,0.963623046875,0.95751953125,0.9490234375,True,True,True,True,0.4166666666666667,0.513888888888889,0.1666666666666666,0.0078125,384,512,6,8,64,512,3072,25447936,256,20000,20000,0.0001,0.0001,1147.6434395313263,5.548108577728272,1.3137634992599487,1.7108322183291118,0.502635712424914,12.49622623125712,0.6015697866678238,0.7473624447981516,agnews_external_confirmation_F6_H8_D64_F6_seed403.csv
agnews_external_confirmation_F6,preregistered_agnews_external_confirmation_F6,H8_D64,AG News,,sentence-transformers/all-MiniLM-L6-v2,6,404,0.959228515625,0.95107421875,0.967041015625,0.96044921875,0.967041015625,0.959228515625,0.95107421875,True,True,True,True,0.4166666666666667,0.513888888888889,0.1666666666666666,0.0078125,384,512,6,8,64,512,3072,25447936,256,20000,20000,0.0001,0.0001,1142.8939797878263,4.751281261444092,1.4033996164798737,1.730684717496236,0.520919511715571,12.959619402885435,0.5574251711368561,0.7698438763618469,agnews_external_confirmation_F6_H8_D64_F6_seed404.csv
agnews_external_confirmation_F6,preregistered_agnews_external_confirmation_F6,H8_D64,AG News,,sentence-transformers/all-MiniLM-L6-v2,6,405,0.962890625,0.95546875,0.96875,0.9625,0.96875,0.963623046875,0.95634765625,True,True,True,True,0.4166666666666667,0.513888888888889,0.1666666666666666,0.0078125,384,512,6,8,64,512,3072,25447936,256,20000,20000,0.0001,0.0001,1142.2698533535004,3.2009167671203613,1.201165626446406,1.742863655090332,0.4985905488332112,9.984835664431252,0.5968696375687917,0.752264142036438,agnews_external_confirmation_F6_H8_D64_F6_seed405.csv
agnews_external_confirmation_F6,preregistered_agnews_external_confirmation_F6,H8_D64,AG News,,sentence-transformers/all-MiniLM-L6-v2,6,406,0.9697265625,0.963671875,0.968994140625,0.96279296875,0.968994140625,0.9697265625,0.963671875,True,True,True,True,0.4166666666666667,0.513888888888889,0.1666666666666666,0.0078125,384,512,6,8,64,512,3072,25447936,256,20000,20000,0.0001,0.0001,1142.7388608455658,1.4067432880401611,1.339550683895747,1.6669900218645732,0.5071138242880503,11.972052852312723,0.5187756518522898,0.7848458588123322,agnews_external_confirmation_F6_H8_D64_F6_seed406.csv
agnews_external_confirmation_F6,preregistered_agnews_external_confirmation_F6,H8_D64,AG News,,sentence-transformers/all-MiniLM-L6-v2,6,407,0.987548828125,0.98505859375,0.989990234375,0.98798828125,0.989990234375,0.987548828125,0.98505859375,True,True,True,True,0.4166666666666667,0.513888888888889,0.1666666666666666,0.0078125,384,512,6,8,64,512,3072,25447936,256,20000,20000,0.0001,0.0001,1141.0931642055511,2.259455919265747,1.329953710238139,1.5077534119288127,0.5190548747777939,8.547327041625977,0.5581162422895432,0.7722439169883728,agnews_external_confirmation_F6_H8_D64_F6_seed407.csv
agnews_external_confirmation_F6,preregistered_agnews_external_confirmation_F6,H8_D64,AG News,,sentence-transformers/all-MiniLM-L6-v2,6,408,0.987548828125,0.98505859375,0.988037109375,0.98564453125,0.988037109375,0.98876953125,0.9865234375,True,True,True,True,0.4166666666666667,0.513888888888889,0.1666666666666666,0.0078125,384,512,6,8,64,512,3072,25447936,256,20000,20000,0.0001,0.0001,1138.6804902553558,2.395745754241944,1.2207984228928883,1.4548298021157582,0.5211825519800186,7.411447564760844,0.5784799754619598,0.7686124841372172,agnews_external_confirmation_F6_H8_D64_F6_seed408.csv
agnews_external_confirmation_F6,preregistered_agnews_external_confirmation_F6,H8_D64,AG News,,sentence-transformers/all-MiniLM-L6-v2,6,409,0.8251953125,0.790234375,0.827880859375,0.79345703125,0.827880859375,0.8251953125,0.790234375,True,True,True,True,0.4166666666666667,0.513888888888889,0.1666666666666666,0.0078125,384,512,6,8,64,512,3072,25447936,256,20000,20000,0.0001,0.0001,1138.4728200435638,7.515106201171875,1.708935687939326,1.763918141523997,0.4867594887812932,16.68010727564494,0.5731820116440455,0.762158046166102,agnews_external_confirmation_F6_H8_D64_F6_seed409.csv
agnews_external_confirmation_F6,preregistered_agnews_external_confirmation_F6,H8_D64,AG News,,sentence-transformers/all-MiniLM-L6-v2,6,410,0.962158203125,0.95458984375,0.962646484375,0.95517578125,0.962646484375,0.963134765625,0.95576171875,True,True,True,True,0.4166666666666667,0.513888888888889,0.1666666666666666,0.0078125,384,512,6,8,64,512,3072,25447936,256,20000,20000,0.0001,0.0001,1144.8632814884186,6.003308773040772,1.354542146126429,1.6258352994918823,0.5087211678425471,11.411497076352438,0.5580340077479681,0.7699357271194458,agnews_external_confirmation_F6_H8_D64_F6_seed410.csv
agnews_external_confirmation_F6,preregistered_agnews_external_confirmation_F6,H8_D64,AG News,,sentence-transformers/all-MiniLM-L6-v2,6,411,0.16259765625,-0.0048828124999999,0.17041015625,0.0044921875,0.17041015625,0.180908203125,0.01708984375,False,False,False,False,0.4166666666666667,0.513888888888889,0.1666666666666666,0.0078125,384,512,6,8,64,512,3072,25447936,256,20000,20000,0.0001,0.0001,1149.1463630199432,3.3264777660369877,0.6254753271738688,1.0093036244312923,0.3451726833979289,2.202469443281492,1.6081363558769226,0.3024476865927378,agnews_external_confirmation_F6_H8_D64_F6_seed411.csv
agnews_external_confirmation_F6,preregistered_agnews_external_confirmation_F6,H8_D64,AG News,,sentence-transformers/all-MiniLM-L6-v2,6,412,0.43115234375,0.3173828125,0.444580078125,0.33349609375,0.444580078125,0.43115234375,0.3173828125,False,False,False,False,0.4166666666666667,0.513888888888889,0.1666666666666666,0.0078125,384,512,6,8,64,512,3072,25447936,256,20000,20000,0.0001,0.0001,1151.0601048469543,4.653122901916504,1.1189161241054535,1.2064104576905568,0.4762731144825617,7.743624945481618,0.7165627777576447,0.7162351806958517,agnews_external_confirmation_F6_H8_D64_F6_seed412.csv
agnews_external_confirmation_F6,preregistered_agnews_external_confirmation_F6,H8_D64,AG News,,sentence-transformers/all-MiniLM-L6-v2,6,413,0.240234375,0.08828125,0.25,0.1,0.25,0.2421875,0.090625,False,False,False,False,0.4166666666666667,0.513888888888889,0.1666666666666666,0.0078125,384,512,6,8,64,512,3072,25447936,256,20000,20000,0.0001,0.0001,1148.454097032547,5.650129318237305,1.4862097352743149,1.2298703988393147,0.416357472538948,8.193197309970856,1.1514101028442385,0.5321488330761591,agnews_external_confirmation_F6_H8_D64_F6_seed413.csv
agnews_external_confirmation_F6,preregistered_agnews_external_confirmation_F6,H8_D64,AG News,,sentence-transformers/all-MiniLM-L6-v2,6,414,0.955078125,0.94609375,0.957275390625,0.94873046875,0.957275390625,0.955078125,0.94609375,True,True,True,True,0.4166666666666667,0.513888888888889,0.1666666666666666,0.0078125,384,512,6,8,64,512,3072,25447936,256,20000,20000,0.0001,0.0001,1023.8659207820892,4.927222728729248,1.1480486690998075,1.459594428539276,0.5676731814940771,8.310925443967184,0.6301913857460022,0.7367773652076721,agnews_external_confirmation_F6_H8_D64_F6_seed414.csv
agnews_external_confirmation_F6,preregistered_agnews_external_confirmation_F6,H8_D64,AG News,,sentence-transformers/all-MiniLM-L6-v2,6,415,0.400390625,0.28046875,0.4130859375,0.295703125,0.4130859375,0.402587890625,0.28310546875,False,False,False,False,0.4166666666666667,0.513888888888889,0.1666666666666666,0.0078125,384,512,6,8,64,512,3072,25447936,256,20000,20000,0.0001,0.0001,1123.963339805603,4.6219162940979,1.456400066614151,1.1712184846401217,0.4848390022913615,7.30906468629837,0.8627658983071645,0.6453781624635061,agnews_external_confirmation_F6_H8_D64_F6_seed415.csv
agnews_external_confirmation_F6,preregistered_agnews_external_confirmation_F6,H8_D64,AG News,,sentence-transformers/all-MiniLM-L6-v2,6,416,0.95947265625,0.9513671875,0.96435546875,0.9572265625,0.96435546875,0.959716796875,0.95166015625,True,True,True,True,0.4166666666666667,0.513888888888889,0.1666666666666666,0.0078125,384,512,6,8,64,512,3072,25447936,256,20000,20000,0.0001,0.0001,1120.5378906726835,5.641777038574219,1.3285106519858043,1.6200638612111409,0.5246533453464508,11.435702204704285,0.4992431153853734,0.7991137901941935,agnews_external_confirmation_F6_H8_D64_F6_seed416.csv
agnews_external_confirmation_F6,preregistered_agnews_external_confirmation_F6,H8_D64,AG News,,sentence-transformers/all-MiniLM-L6-v2,6,417,0.532958984375,0.43955078125,0.53662109375,0.4439453125,0.53662109375,0.532958984375,0.43955078125,True,True,False,True,0.4166666666666667,0.513888888888889,0.1666666666666666,0.0078125,384,512,6,8,64,512,3072,25447936,256,20000,20000,0.0001,0.0001,1130.660831451416,6.511721134185791,1.6821533342202504,1.4658159116903942,0.489609807729721,13.353195985158283,0.6567848523457845,0.7355454862117767,agnews_external_confirmation_F6_H8_D64_F6_seed417.csv
agnews_external_confirmation_F6,preregistered_agnews_external_confirmation_F6,H8_D64,AG News,,sentence-transformers/all-MiniLM-L6-v2,6,418,0.325927734375,0.19111328125,0.320068359375,0.18408203125,0.320068359375,0.325927734375,0.19111328125,False,False,False,False,0.4166666666666667,0.513888888888889,0.1666666666666666,0.0078125,384,512,6,8,64,512,3072,25447936,256,20000,20000,0.0001,0.0001,1113.5332729816437,3.666118621826172,1.088953966895739,1.2024122675259907,0.4219469825426737,7.4988961815834045,0.8508296112219492,0.6476099242766699,agnews_external_confirmation_F6_H8_D64_F6_seed418.csv
agnews_external_confirmation_F6,preregistered_agnews_external_confirmation_F6,H8_D64,AG News,,sentence-transformers/all-MiniLM-L6-v2,6,419,0.16796875,0.0015625,0.163818359375,-0.0034179687499999,0.163818359375,0.1826171875,0.019140625,False,False,False,False,0.4166666666666667,0.513888888888889,0.1666666666666666,0.0078125,384,512,6,8,64,512,3072,25447936,256,20000,20000,0.0001,0.0001,1126.6128795146942,3.1420023441314697,0.6125848889350891,0.9526983201503754,0.3350322072704633,2.023416370153427,1.6149434844652812,0.2975610097249349,agnews_external_confirmation_F6_H8_D64_F6_seed419.csv
