phase,experiment,architecture_id,dataset,dataset_config,encoder,F,seed,validation_accuracy,validation_binding_score,test_accuracy,test_binding_score,primary_accuracy,maximum_logged_validation_accuracy,maximum_logged_validation_binding,entered_normalized_binding_regime,test_normalized_binding_regime,high_test_success_080,success,normalized_binding_regime_threshold,raw_equivalent_validation_threshold,present_value_baseline,global_chance_accuracy,d_input,d_model,n_layers,n_heads,head_dim,inner_dim,d_ff,parameter_count,batch_size,max_steps,final_step,learning_rate,weight_decay,elapsed_seconds,final_gradient_norm_before_clipping,final_q_rms,final_k_rms,final_v_rms,final_attention_logit_std,final_attention_entropy,final_attention_max_probability,learning_curve_csv
agnews_head_partition_control_F6,frozen_agnews_head_partition_control_F6,H16_D32,AG News,,sentence-transformers/all-MiniLM-L6-v2,6,500,0.164794921875,-0.0022460937499999,0.1640625,-0.0031249999999999,0.1640625,0.174072265625,0.00888671875,False,False,False,False,0.4166666666666667,0.513888888888889,0.1666666666666666,0.0078125,384,512,6,16,32,512,3072,25447936,256,20000,20000,0.0001,0.0001,1184.6357164382937,3.3972084522247314,0.8008372237284979,0.6759571184714636,0.2958176881074905,1.7075242549180984,1.608694056669871,0.2990851253271103,agnews_head_partition_control_F6_H16_D32_F6_seed500.csv
agnews_head_partition_control_F6,frozen_agnews_head_partition_control_F6,H16_D32,AG News,,sentence-transformers/all-MiniLM-L6-v2,6,501,0.37255859375,0.2470703125,0.36474609375,0.2376953125,0.36474609375,0.37255859375,0.2470703125,False,False,False,False,0.4166666666666667,0.513888888888889,0.1666666666666666,0.0078125,384,512,6,16,32,512,3072,25447936,256,20000,20000,0.0001,0.0001,1190.005242586136,4.649964809417725,1.2904535333315532,1.1860873997211456,0.4503237257401148,4.893744548161824,1.0833357274532318,0.5594198455413183,agnews_head_partition_control_F6_H16_D32_F6_seed501.csv
agnews_head_partition_control_F6,frozen_agnews_head_partition_control_F6,H16_D32,AG News,,sentence-transformers/all-MiniLM-L6-v2,6,502,0.9560546875,0.947265625,0.9521484375,0.942578125,0.9521484375,0.9560546875,0.947265625,True,True,True,True,0.4166666666666667,0.513888888888889,0.1666666666666666,0.0078125,384,512,6,16,32,512,3072,25447936,256,20000,20000,0.0001,0.0001,1184.0143415927887,5.362967014312744,1.623256077369054,1.6819833715756731,0.5091331948836645,8.954397797584534,0.5271362066268921,0.7863858242829641,agnews_head_partition_control_F6_H16_D32_F6_seed502.csv
agnews_head_partition_control_F6,frozen_agnews_head_partition_control_F6,H16_D32,AG News,,sentence-transformers/all-MiniLM-L6-v2,6,503,0.804931640625,0.76591796875,0.82080078125,0.7849609375,0.82080078125,0.804931640625,0.76591796875,True,True,True,True,0.4166666666666667,0.513888888888889,0.1666666666666666,0.0078125,384,512,6,16,32,512,3072,25447936,256,20000,20000,0.0001,0.0001,1187.7509577274325,6.892014503479004,1.9152691463629403,2.0161429047584534,0.4407428354024887,17.60478989283244,0.4817435592412948,0.8041883111000061,agnews_head_partition_control_F6_H16_D32_F6_seed503.csv
agnews_head_partition_control_F6,frozen_agnews_head_partition_control_F6,H16_D32,AG News,,sentence-transformers/all-MiniLM-L6-v2,6,504,0.9609375,0.953125,0.95751953125,0.9490234375,0.95751953125,0.9609375,0.953125,True,True,True,True,0.4166666666666667,0.513888888888889,0.1666666666666666,0.0078125,384,512,6,16,32,512,3072,25447936,256,20000,20000,0.0001,0.0001,1191.3155689239502,4.4446539878845215,1.6850768427054088,1.7082346280415852,0.4812916765610377,9.828933835029602,0.5204139550526937,0.7971182465553284,agnews_head_partition_control_F6_H16_D32_F6_seed504.csv
agnews_head_partition_control_F6,frozen_agnews_head_partition_control_F6,H16_D32,AG News,,sentence-transformers/all-MiniLM-L6-v2,6,505,0.82373046875,0.7884765625,0.83349609375,0.8001953125,0.83349609375,0.82373046875,0.7884765625,True,True,True,True,0.4166666666666667,0.513888888888889,0.1666666666666666,0.0078125,384,512,6,16,32,512,3072,25447936,256,20000,20000,0.0001,0.0001,1188.8859913349152,6.318342685699463,1.860398679971695,2.019851267337799,0.4423024406035741,17.25250740845998,0.4302429507176081,0.8273199200630188,agnews_head_partition_control_F6_H16_D32_F6_seed505.csv
agnews_head_partition_control_F6,frozen_agnews_head_partition_control_F6,H16_D32,AG News,,sentence-transformers/all-MiniLM-L6-v2,6,506,0.23046875,0.0765625,0.23388671875,0.0806640625,0.23388671875,0.232177734375,0.07861328125,False,False,False,False,0.4166666666666667,0.513888888888889,0.1666666666666666,0.0078125,384,512,6,16,32,512,3072,25447936,256,20000,20000,0.0001,0.0001,1190.2957484722135,3.3900301456451416,1.219065969189008,1.0450012882550557,0.3960062464078267,4.274866580963135,1.1451245645682018,0.5129041522741318,agnews_head_partition_control_F6_H16_D32_F6_seed506.csv
agnews_head_partition_control_F6,frozen_agnews_head_partition_control_F6,H16_D32,AG News,,sentence-transformers/all-MiniLM-L6-v2,6,507,0.959716796875,0.95166015625,0.95751953125,0.9490234375,0.95751953125,0.960205078125,0.95224609375,True,True,True,True,0.4166666666666667,0.513888888888889,0.1666666666666666,0.0078125,384,512,6,16,32,512,3072,25447936,256,20000,20000,0.0001,0.0001,1180.1244802474976,3.341655969619751,1.678123543659846,1.893239200115204,0.4873547007640202,12.893605907758078,0.5835678478082021,0.7527346611022949,agnews_head_partition_control_F6_H16_D32_F6_seed507.csv
agnews_head_partition_control_F6,frozen_agnews_head_partition_control_F6,H16_D32,AG News,,sentence-transformers/all-MiniLM-L6-v2,6,508,0.810791015625,0.77294921875,0.819091796875,0.78291015625,0.819091796875,0.810791015625,0.77294921875,True,True,True,True,0.4166666666666667,0.513888888888889,0.1666666666666666,0.0078125,384,512,6,16,32,512,3072,25447936,256,20000,20000,0.0001,0.0001,1177.6750354766846,5.90897798538208,1.884098122517268,1.9993685483932493,0.4480050355195999,17.550353686014812,0.5389348020156225,0.7738184034824371,agnews_head_partition_control_F6_H16_D32_F6_seed508.csv
agnews_head_partition_control_F6,frozen_agnews_head_partition_control_F6,H16_D32,AG News,,sentence-transformers/all-MiniLM-L6-v2,6,509,0.169677734375,0.00361328125,0.1611328125,-0.0066406249999999,0.1611328125,0.17919921875,0.0150390625,False,False,False,False,0.4166666666666667,0.513888888888889,0.1666666666666666,0.0078125,384,512,6,16,32,512,3072,25447936,256,20000,20000,0.0001,0.0001,1183.7014997005465,3.2747998237609863,0.905172864596049,0.872517392039299,0.3345955833792686,2.147549415628115,1.5630127986272175,0.3266581545273463,agnews_head_partition_control_F6_H16_D32_F6_seed509.csv
agnews_head_partition_control_F6,frozen_agnews_head_partition_control_F6,H16_D32,AG News,,sentence-transformers/all-MiniLM-L6-v2,6,510,0.1708984375,0.005078125,0.1552734375,-0.0136718749999999,0.1552734375,0.177001953125,0.01240234375,False,False,False,False,0.4166666666666667,0.513888888888889,0.1666666666666666,0.0078125,384,512,6,16,32,512,3072,25447936,256,20000,20000,0.0001,0.0001,1182.667191505432,3.42507266998291,0.7850091904401779,0.8517929762601852,0.3127883498867352,2.298748624821504,1.6178257862726848,0.2975795865058899,agnews_head_partition_control_F6_H16_D32_F6_seed510.csv
agnews_head_partition_control_F6,frozen_agnews_head_partition_control_F6,H16_D32,AG News,,sentence-transformers/all-MiniLM-L6-v2,6,511,0.170654296875,0.00478515625,0.181640625,0.01796875,0.181640625,0.17529296875,0.0103515625,False,False,False,False,0.4166666666666667,0.513888888888889,0.1666666666666666,0.0078125,384,512,6,16,32,512,3072,25447936,256,20000,20000,0.0001,0.0001,1184.7709770202637,3.2729721069335938,0.9921173850695292,0.8552177300055822,0.3574499686559041,3.546832650899887,1.5125794013341267,0.3676391889651616,agnews_head_partition_control_F6_H16_D32_F6_seed511.csv
agnews_head_partition_control_F6,frozen_agnews_head_partition_control_F6,H16_D32,AG News,,sentence-transformers/all-MiniLM-L6-v2,6,512,0.32958984375,0.1955078125,0.344970703125,0.21396484375,0.344970703125,0.329833984375,0.19580078125,False,False,False,False,0.4166666666666667,0.513888888888889,0.1666666666666666,0.0078125,384,512,6,16,32,512,3072,25447936,256,20000,20000,0.0001,0.0001,1184.5699770450592,4.28127384185791,1.201252410809199,1.0663892726103466,0.4503217289845149,3.700663149356842,1.2952385346094768,0.4732338637113571,agnews_head_partition_control_F6_H16_D32_F6_seed512.csv
agnews_head_partition_control_F6,frozen_agnews_head_partition_control_F6,H16_D32,AG News,,sentence-transformers/all-MiniLM-L6-v2,6,513,0.343505859375,0.21220703125,0.33544921875,0.2025390625,0.33544921875,0.343505859375,0.21220703125,False,False,False,False,0.4166666666666667,0.513888888888889,0.1666666666666666,0.0078125,384,512,6,16,32,512,3072,25447936,256,20000,20000,0.0001,0.0001,1183.2724976539612,4.154611587524414,1.298968285322189,1.095027764638265,0.445676436026891,4.406970798969269,1.099382092555364,0.5762192755937576,agnews_head_partition_control_F6_H16_D32_F6_seed513.csv
agnews_head_partition_control_F6,frozen_agnews_head_partition_control_F6,H16_D32,AG News,,sentence-transformers/all-MiniLM-L6-v2,6,514,0.163818359375,-0.0034179687499999,0.166748046875,9.765625000001108e-05,0.166748046875,0.17724609375,0.0126953125,False,False,False,False,0.4166666666666667,0.513888888888889,0.1666666666666666,0.0078125,384,512,6,16,32,512,3072,25447936,256,20000,20000,0.0001,0.0001,1187.8526215553284,3.279170513153076,0.925859292348226,0.7613404790560404,0.3194590061903,2.328071797887484,1.5783876379330952,0.3217489719390869,agnews_head_partition_control_F6_H16_D32_F6_seed514.csv
agnews_head_partition_control_F6,frozen_agnews_head_partition_control_F6,H16_D32,AG News,,sentence-transformers/all-MiniLM-L6-v2,6,515,0.16796875,0.0015625,0.160888671875,-0.0069335937499999,0.160888671875,0.17529296875,0.0103515625,False,False,False,False,0.4166666666666667,0.513888888888889,0.1666666666666666,0.0078125,384,512,6,16,32,512,3072,25447936,256,20000,20000,0.0001,0.0001,1186.788541316986,3.304570436477661,0.6187812189261118,0.945937325557073,0.3100221678614616,1.6884998083114624,1.635540763537089,0.2899828553199768,agnews_head_partition_control_F6_H16_D32_F6_seed515.csv
agnews_head_partition_control_F6,frozen_agnews_head_partition_control_F6,H16_D32,AG News,,sentence-transformers/all-MiniLM-L6-v2,6,516,0.25,0.1,0.237060546875,0.08447265625,0.237060546875,0.25,0.1,False,False,False,False,0.4166666666666667,0.513888888888889,0.1666666666666666,0.0078125,384,512,6,16,32,512,3072,25447936,256,20000,20000,0.0001,0.0001,1168.2899544239044,3.469681024551392,1.4055921137332916,1.172749161720276,0.3995317965745926,5.937760512034099,1.0478059848149617,0.5519073704878489,agnews_head_partition_control_F6_H16_D32_F6_seed516.csv
agnews_head_partition_control_F6,frozen_agnews_head_partition_control_F6,H16_D32,AG News,,sentence-transformers/all-MiniLM-L6-v2,6,517,0.2109375,0.053125,0.22509765625,0.0701171875,0.22509765625,0.2109375,0.053125,False,False,False,False,0.4166666666666667,0.513888888888889,0.1666666666666666,0.0078125,384,512,6,16,32,512,3072,25447936,256,20000,20000,0.0001,0.0001,1125.6996891498566,3.2995083332061768,1.1296543627977371,0.9226910322904588,0.3748974253733952,3.265222132205963,1.4101201891899109,0.4024931341409683,agnews_head_partition_control_F6_H16_D32_F6_seed517.csv
agnews_head_partition_control_F6,frozen_agnews_head_partition_control_F6,H16_D32,AG News,,sentence-transformers/all-MiniLM-L6-v2,6,518,0.63330078125,0.5599609375,0.635498046875,0.56259765625,0.635498046875,0.63330078125,0.5599609375,True,True,False,True,0.4166666666666667,0.513888888888889,0.1666666666666666,0.0078125,384,512,6,16,32,512,3072,25447936,256,20000,20000,0.0001,0.0001,1127.8054723739624,6.801455974578857,1.6171930034955342,1.4436322450637815,0.504371335109075,9.842499613761902,0.6121964703003565,0.7294915318489075,agnews_head_partition_control_F6_H16_D32_F6_seed518.csv
agnews_head_partition_control_F6,frozen_agnews_head_partition_control_F6,H16_D32,AG News,,sentence-transformers/all-MiniLM-L6-v2,6,519,0.29296875,0.1515625,0.2919921875,0.150390625,0.2919921875,0.29296875,0.1515625,False,False,False,False,0.4166666666666667,0.513888888888889,0.1666666666666666,0.0078125,384,512,6,16,32,512,3072,25447936,256,20000,20000,0.0001,0.0001,1130.983520746231,3.850728273391724,1.2076841394106548,1.1378218233585358,0.4302645077308019,5.195358852545421,0.9437500536441804,0.607256293296814,agnews_head_partition_control_F6_H16_D32_F6_seed519.csv
agnews_head_partition_control_F6,frozen_agnews_head_partition_control_F6,H16_D32,AG News,,sentence-transformers/all-MiniLM-L6-v2,6,520,0.29443359375,0.1533203125,0.303955078125,0.16474609375,0.303955078125,0.29736328125,0.1568359375,False,False,False,False,0.4166666666666667,0.513888888888889,0.1666666666666666,0.0078125,384,512,6,16,32,512,3072,25447936,256,20000,20000,0.0001,0.0001,1125.5458080768583,3.391339063644409,1.154770404100418,1.1214688618977864,0.4364859759807586,4.683921615282695,1.0241046746571858,0.5803719212611517,agnews_head_partition_control_F6_H16_D32_F6_seed520.csv
agnews_head_partition_control_F6,frozen_agnews_head_partition_control_F6,H16_D32,AG News,,sentence-transformers/all-MiniLM-L6-v2,6,521,0.186767578125,0.02412109375,0.177001953125,0.01240234375,0.177001953125,0.186767578125,0.02412109375,False,False,False,False,0.4166666666666667,0.513888888888889,0.1666666666666666,0.0078125,384,512,6,16,32,512,3072,25447936,256,20000,20000,0.0001,0.0001,1129.0812528133392,3.341752052307129,1.1290797740221024,0.8826249837875366,0.3583504259586334,3.1244683067003884,1.2978042364120483,0.4433084925015767,agnews_head_partition_control_F6_H16_D32_F6_seed521.csv
agnews_head_partition_control_F6,frozen_agnews_head_partition_control_F6,H16_D32,AG News,,sentence-transformers/all-MiniLM-L6-v2,6,522,0.79541015625,0.7544921875,0.785888671875,0.74306640625,0.785888671875,0.799072265625,0.75888671875,True,True,False,True,0.4166666666666667,0.513888888888889,0.1666666666666666,0.0078125,384,512,6,16,32,512,3072,25447936,256,20000,20000,0.0001,0.0001,1126.1419010162354,6.034403324127197,1.835501064856847,1.9366716345151265,0.4771282126506169,17.24436314900716,0.5149895151456197,0.7939892907937368,agnews_head_partition_control_F6_H16_D32_F6_seed522.csv
agnews_head_partition_control_F6,frozen_agnews_head_partition_control_F6,H16_D32,AG News,,sentence-transformers/all-MiniLM-L6-v2,6,523,0.788330078125,0.74599609375,0.79052734375,0.7486328125,0.79052734375,0.788330078125,0.74599609375,True,True,False,True,0.4166666666666667,0.513888888888889,0.1666666666666666,0.0078125,384,512,6,16,32,512,3072,25447936,256,20000,20000,0.0001,0.0001,1121.7023050785065,7.864779949188232,1.8136880894502003,2.0303810040156045,0.465698296825091,18.26026034355164,0.5676619013150533,0.7727705736955007,agnews_head_partition_control_F6_H16_D32_F6_seed523.csv
agnews_head_partition_control_F6,frozen_agnews_head_partition_control_F6,H16_D32,AG News,,sentence-transformers/all-MiniLM-L6-v2,6,524,0.35205078125,0.2224609375,0.35205078125,0.2224609375,0.35205078125,0.35205078125,0.2224609375,False,False,False,False,0.4166666666666667,0.513888888888889,0.1666666666666666,0.0078125,384,512,6,16,32,512,3072,25447936,256,20000,20000,0.0001,0.0001,1126.2813143730164,4.973679542541504,1.2672016620635986,1.1452397803465526,0.4527096152305603,5.091475049654643,0.9264499843120576,0.6122717410326004,agnews_head_partition_control_F6_H16_D32_F6_seed524.csv
agnews_head_partition_control_F6,frozen_agnews_head_partition_control_F6,H16_D32,AG News,,sentence-transformers/all-MiniLM-L6-v2,6,525,0.161376953125,-0.0063476562499999,0.16845703125,0.0021484375,0.16845703125,0.176025390625,0.01123046875,False,False,False,False,0.4166666666666667,0.513888888888889,0.1666666666666666,0.0078125,384,512,6,16,32,512,3072,25447936,256,20000,20000,0.0001,0.0001,1125.192839384079,3.462652444839477,0.8698688397804896,0.8975891917943954,0.3400296121835708,3.2516395151615143,1.5162124236424763,0.3329965372880299,agnews_head_partition_control_F6_H16_D32_F6_seed525.csv
agnews_head_partition_control_F6,frozen_agnews_head_partition_control_F6,H16_D32,AG News,,sentence-transformers/all-MiniLM-L6-v2,6,526,0.165283203125,-0.0016601562499999,0.17138671875,0.0056640625,0.17138671875,0.1728515625,0.007421875,False,False,False,False,0.4166666666666667,0.513888888888889,0.1666666666666666,0.0078125,384,512,6,16,32,512,3072,25447936,256,20000,20000,0.0001,0.0001,1127.0045506954193,3.373518943786621,0.930546169479688,0.8701641807953516,0.3551499918103218,2.5354000131289163,1.4867215553919475,0.3648542314767837,agnews_head_partition_control_F6_H16_D32_F6_seed526.csv
agnews_head_partition_control_F6,frozen_agnews_head_partition_control_F6,H16_D32,AG News,,sentence-transformers/all-MiniLM-L6-v2,6,527,0.19287109375,0.0314453125,0.185546875,0.02265625,0.185546875,0.19287109375,0.0314453125,False,False,False,False,0.4166666666666667,0.513888888888889,0.1666666666666666,0.0078125,384,512,6,16,32,512,3072,25447936,256,20000,20000,0.0001,0.0001,1129.0585820674896,3.401191473007202,1.2565515289704006,0.9013344099124272,0.3623937964439392,3.0539883176485696,1.3571539123853047,0.425009161233902,agnews_head_partition_control_F6_H16_D32_F6_seed527.csv
agnews_head_partition_control_F6,frozen_agnews_head_partition_control_F6,H16_D32,AG News,,sentence-transformers/all-MiniLM-L6-v2,6,528,0.174560546875,0.00947265625,0.172119140625,0.00654296875,0.172119140625,0.1787109375,0.014453125,False,False,False,False,0.4166666666666667,0.513888888888889,0.1666666666666666,0.0078125,384,512,6,16,32,512,3072,25447936,256,20000,20000,0.0001,0.0001,1131.533096075058,3.390491485595703,1.0565541833639145,0.8237629781166712,0.3413103893399238,2.1655622720718384,1.5430135130882263,0.3472582499186198,agnews_head_partition_control_F6_H16_D32_F6_seed528.csv
agnews_head_partition_control_F6,frozen_agnews_head_partition_control_F6,H16_D32,AG News,,sentence-transformers/all-MiniLM-L6-v2,6,529,0.15966796875,-0.0083984374999999,0.167724609375,0.00126953125,0.167724609375,0.177490234375,0.01298828125,False,False,False,False,0.4166666666666667,0.513888888888889,0.1666666666666666,0.0078125,384,512,6,16,32,512,3072,25447936,256,20000,20000,0.0001,0.0001,1114.16534614563,3.300302743911743,0.8204254110654196,0.8411550571521124,0.3099634523193041,2.592765413224697,1.6019001205762229,0.3025722752014796,agnews_head_partition_control_F6_H16_D32_F6_seed529.csv
agnews_head_partition_control_F6,frozen_agnews_head_partition_control_F6,H16_D32,AG News,,sentence-transformers/all-MiniLM-L6-v2,6,530,0.955810546875,0.94697265625,0.953857421875,0.94462890625,0.953857421875,0.956298828125,0.94755859375,True,True,True,True,0.4166666666666667,0.513888888888889,0.1666666666666666,0.0078125,384,512,6,16,32,512,3072,25447936,256,20000,20000,0.0001,0.0001,1105.4659554958344,3.5407462120056152,1.6773358583450315,1.7962406675020854,0.4616460998853047,10.889740149180094,0.5056590537230173,0.7983097434043884,agnews_head_partition_control_F6_H16_D32_F6_seed530.csv
agnews_head_partition_control_F6,frozen_agnews_head_partition_control_F6,H16_D32,AG News,,sentence-transformers/all-MiniLM-L6-v2,6,531,0.231689453125,0.07802734375,0.23095703125,0.0771484375,0.23095703125,0.233642578125,0.08037109375,False,False,False,False,0.4166666666666667,0.513888888888889,0.1666666666666666,0.0078125,384,512,6,16,32,512,3072,25447936,256,20000,20000,0.0001,0.0001,1130.0594494342804,3.4312546253204346,1.137676974137624,0.9598112454017004,0.3869447608788808,3.042744825283686,1.4385262529055278,0.390442207455635,agnews_head_partition_control_F6_H16_D32_F6_seed531.csv
agnews_head_partition_control_F6,frozen_agnews_head_partition_control_F6,H16_D32,AG News,,sentence-transformers/all-MiniLM-L6-v2,6,532,0.329833984375,0.19580078125,0.331787109375,0.19814453125,0.331787109375,0.329833984375,0.19580078125,False,False,False,False,0.4166666666666667,0.513888888888889,0.1666666666666666,0.0078125,384,512,6,16,32,512,3072,25447936,256,20000,20000,0.0001,0.0001,1118.465609073639,4.264631271362305,1.483875145514806,1.1650750537713368,0.4450706342856089,4.517248233159383,1.2356805702050526,0.5145518879095713,agnews_head_partition_control_F6_H16_D32_F6_seed532.csv
agnews_head_partition_control_F6,frozen_agnews_head_partition_control_F6,H16_D32,AG News,,sentence-transformers/all-MiniLM-L6-v2,6,533,0.166748046875,9.765625000001108e-05,0.158447265625,-0.0098632812499999,0.158447265625,0.17529296875,0.0103515625,False,False,False,False,0.4166666666666667,0.513888888888889,0.1666666666666666,0.0078125,384,512,6,16,32,512,3072,25447936,256,20000,20000,0.0001,0.0001,1116.516453742981,3.264646053314209,0.7189686795075735,0.7837774803241094,0.2900253211458524,2.722287811338901,1.6417171756426494,0.2873260130484898,agnews_head_partition_control_F6_H16_D32_F6_seed533.csv
agnews_head_partition_control_F6,frozen_agnews_head_partition_control_F6,H16_D32,AG News,,sentence-transformers/all-MiniLM-L6-v2,6,534,0.826904296875,0.79228515625,0.830810546875,0.79697265625,0.830810546875,0.826904296875,0.79228515625,True,True,True,True,0.4166666666666667,0.513888888888889,0.1666666666666666,0.0078125,384,512,6,16,32,512,3072,25447936,256,20000,20000,0.0001,0.0001,1157.7499873638153,5.121281147003174,1.569114605585734,1.9271379311879475,0.4774682174126307,13.445549726486206,0.5148790230353674,0.7846538126468658,agnews_head_partition_control_F6_H16_D32_F6_seed534.csv
agnews_head_partition_control_F6,frozen_agnews_head_partition_control_F6,H16_D32,AG News,,sentence-transformers/all-MiniLM-L6-v2,6,535,0.8203125,0.784375,0.828857421875,0.79462890625,0.828857421875,0.8212890625,0.785546875,True,True,True,True,0.4166666666666667,0.513888888888889,0.1666666666666666,0.0078125,384,512,6,16,32,512,3072,25447936,256,20000,20000,0.0001,0.0001,1186.9926776885986,7.394965648651123,1.6356100340684254,1.8315698703130088,0.4758644501368205,12.66582973798116,0.5331271390120188,0.779290497303009,agnews_head_partition_control_F6_H16_D32_F6_seed535.csv
agnews_head_partition_control_F6,frozen_agnews_head_partition_control_F6,H16_D32,AG News,,sentence-transformers/all-MiniLM-L6-v2,6,536,0.1943359375,0.033203125,0.201171875,0.04140625,0.201171875,0.1953125,0.034375,False,False,False,False,0.4166666666666667,0.513888888888889,0.1666666666666666,0.0078125,384,512,6,16,32,512,3072,25447936,256,20000,20000,0.0001,0.0001,1189.9737174510956,3.4782090187072754,1.1889139711856842,0.931296651562055,0.3714413543542226,3.4401666720708213,1.240130364894867,0.4764577200015386,agnews_head_partition_control_F6_H16_D32_F6_seed536.csv
agnews_head_partition_control_F6,frozen_agnews_head_partition_control_F6,H16_D32,AG News,,sentence-transformers/all-MiniLM-L6-v2,6,537,0.249267578125,0.09912109375,0.275634765625,0.13076171875,0.275634765625,0.249267578125,0.09912109375,False,False,False,False,0.4166666666666667,0.513888888888889,0.1666666666666666,0.0078125,384,512,6,16,32,512,3072,25447936,256,20000,20000,0.0001,0.0001,1195.3047816753387,4.446345329284668,1.4170580059289932,1.2283631563186646,0.4179339508215586,6.465175608793895,1.0816007256507874,0.5568471550941467,agnews_head_partition_control_F6_H16_D32_F6_seed537.csv
agnews_head_partition_control_F6,frozen_agnews_head_partition_control_F6,H16_D32,AG News,,sentence-transformers/all-MiniLM-L6-v2,6,538,0.732421875,0.67890625,0.73486328125,0.6818359375,0.73486328125,0.732421875,0.67890625,True,True,False,True,0.4166666666666667,0.513888888888889,0.1666666666666666,0.0078125,384,512,6,16,32,512,3072,25447936,256,20000,20000,0.0001,0.0001,1187.7254118919373,7.429136753082275,1.4864294131596882,1.6094607710838318,0.4643766035636266,10.688451727231344,0.5652586470047632,0.7786984741687775,agnews_head_partition_control_F6_H16_D32_F6_seed538.csv
agnews_head_partition_control_F6,frozen_agnews_head_partition_control_F6,H16_D32,AG News,,sentence-transformers/all-MiniLM-L6-v2,6,539,0.734130859375,0.6809570312500001,0.7412109375,0.689453125,0.7412109375,0.734130859375,0.6809570312500001,True,True,False,True,0.4166666666666667,0.513888888888889,0.1666666666666666,0.0078125,384,512,6,16,32,512,3072,25447936,256,20000,20000,0.0001,0.0001,1186.8404259681702,7.803097724914551,1.6658115287621815,1.759490172068278,0.446052148938179,12.885250727335611,0.6393601348002752,0.7339431941509247,agnews_head_partition_control_F6_H16_D32_F6_seed539.csv
agnews_head_partition_control_F6,frozen_agnews_head_partition_control_F6,H16_D32,AG News,,sentence-transformers/all-MiniLM-L6-v2,6,540,0.169189453125,0.00302734375,0.159912109375,-0.0081054687499999,0.159912109375,0.17919921875,0.0150390625,False,False,False,False,0.4166666666666667,0.513888888888889,0.1666666666666666,0.0078125,384,512,6,16,32,512,3072,25447936,256,20000,20000,0.0001,0.0001,1188.4322910308838,3.358595848083496,0.7759948521852493,0.7444497297207514,0.2878192911545436,2.101596427460512,1.6298149228096008,0.2994409700234731,agnews_head_partition_control_F6_H16_D32_F6_seed540.csv
agnews_head_partition_control_F6,frozen_agnews_head_partition_control_F6,H16_D32,AG News,,sentence-transformers/all-MiniLM-L6-v2,6,541,0.8095703125,0.771484375,0.826171875,0.79140625,0.826171875,0.81201171875,0.7744140625,True,True,True,True,0.4166666666666667,0.513888888888889,0.1666666666666666,0.0078125,384,512,6,16,32,512,3072,25447936,256,20000,20000,0.0001,0.0001,1182.4274470806122,6.523570537567139,1.88226713736852,1.944332540035248,0.4400171935558319,16.52507479985555,0.3998346378405888,0.8395837148030599,agnews_head_partition_control_F6_H16_D32_F6_seed541.csv
agnews_head_partition_control_F6,frozen_agnews_head_partition_control_F6,H16_D32,AG News,,sentence-transformers/all-MiniLM-L6-v2,6,542,0.272216796875,0.12666015625,0.272705078125,0.12724609375,0.272705078125,0.272216796875,0.12666015625,False,False,False,False,0.4166666666666667,0.513888888888889,0.1666666666666666,0.0078125,384,512,6,16,32,512,3072,25447936,256,20000,20000,0.0001,0.0001,1189.0306088924408,5.57951545715332,1.6758120854695635,1.1673893531163533,0.4397925287485122,5.202870627244313,1.1769854823748271,0.5263421634833018,agnews_head_partition_control_F6_H16_D32_F6_seed542.csv
agnews_head_partition_control_F6,frozen_agnews_head_partition_control_F6,H16_D32,AG News,,sentence-transformers/all-MiniLM-L6-v2,6,543,0.269287109375,0.12314453125,0.259765625,0.11171875,0.259765625,0.270751953125,0.12490234375,False,False,False,False,0.4166666666666667,0.513888888888889,0.1666666666666666,0.0078125,384,512,6,16,32,512,3072,25447936,256,20000,20000,0.0001,0.0001,1188.212329864502,4.495164394378662,1.5691493699947994,1.2470245162645976,0.4146512548128764,7.29278028011322,1.047030250231425,0.5706395953893661,agnews_head_partition_control_F6_H16_D32_F6_seed543.csv
agnews_head_partition_control_F6,frozen_agnews_head_partition_control_F6,H16_D32,AG News,,sentence-transformers/all-MiniLM-L6-v2,6,544,0.82373046875,0.7884765625,0.83251953125,0.7990234375,0.83251953125,0.82373046875,0.7884765625,True,True,True,True,0.4166666666666667,0.513888888888889,0.1666666666666666,0.0078125,384,512,6,16,32,512,3072,25447936,256,20000,20000,0.0001,0.0001,1183.6794128417969,7.969032287597656,1.5812803308169048,1.8294693032900493,0.4812443604071935,12.35850441455841,0.5668876071770986,0.7692260444164276,agnews_head_partition_control_F6_H16_D32_F6_seed544.csv
agnews_head_partition_control_F6,frozen_agnews_head_partition_control_F6,H16_D32,AG News,,sentence-transformers/all-MiniLM-L6-v2,6,545,0.16455078125,-0.0025390624999999,0.162841796875,-0.0045898437499999,0.162841796875,0.177734375,0.01328125,False,False,False,False,0.4166666666666667,0.513888888888889,0.1666666666666666,0.0078125,384,512,6,16,32,512,3072,25447936,256,20000,20000,0.0001,0.0001,1187.779673576355,3.0361008644104004,0.7722222109635671,0.8482463310162226,0.2937205508351326,2.8683714096744857,1.6318138639132185,0.2923854440450668,agnews_head_partition_control_F6_H16_D32_F6_seed545.csv
agnews_head_partition_control_F6,frozen_agnews_head_partition_control_F6,H16_D32,AG News,,sentence-transformers/all-MiniLM-L6-v2,6,546,0.792724609375,0.75126953125,0.8125,0.775,0.8125,0.792724609375,0.75126953125,True,True,True,True,0.4166666666666667,0.513888888888889,0.1666666666666666,0.0078125,384,512,6,16,32,512,3072,25447936,256,20000,20000,0.0001,0.0001,1187.7617328166962,4.902163028717041,1.96093808611234,2.021432042121887,0.4536376893520355,18.741867979367573,0.4933962772289912,0.7970126867294312,agnews_head_partition_control_F6_H16_D32_F6_seed546.csv
agnews_head_partition_control_F6,frozen_agnews_head_partition_control_F6,H16_D32,AG News,,sentence-transformers/all-MiniLM-L6-v2,6,547,0.161865234375,-0.0057617187499999,0.17333984375,0.0080078125,0.17333984375,0.1787109375,0.014453125,False,False,False,False,0.4166666666666667,0.513888888888889,0.1666666666666666,0.0078125,384,512,6,16,32,512,3072,25447936,256,20000,20000,0.0001,0.0001,1189.1352744102478,3.2080581188201904,0.8031966437896093,0.9376679062843324,0.3118625034888585,3.0047067925333977,1.6168040831883748,0.2981067101160685,agnews_head_partition_control_F6_H16_D32_F6_seed547.csv
agnews_head_partition_control_F6,frozen_agnews_head_partition_control_F6,H16_D32,AG News,,sentence-transformers/all-MiniLM-L6-v2,6,548,0.165283203125,-0.0016601562499999,0.164794921875,-0.0022460937499999,0.164794921875,0.1728515625,0.007421875,False,False,False,False,0.4166666666666667,0.513888888888889,0.1666666666666666,0.0078125,384,512,6,16,32,512,3072,25447936,256,20000,20000,0.0001,0.0001,1188.390470743179,3.343064785003662,0.8853535056114197,0.9282120068868002,0.3358568300803502,3.3796577602624893,1.5518237948417664,0.3235183358192444,agnews_head_partition_control_F6_H16_D32_F6_seed548.csv
agnews_head_partition_control_F6,frozen_agnews_head_partition_control_F6,H16_D32,AG News,,sentence-transformers/all-MiniLM-L6-v2,6,549,0.165771484375,-0.0010742187499999,0.173583984375,0.00830078125,0.173583984375,0.176025390625,0.01123046875,False,False,False,False,0.4166666666666667,0.513888888888889,0.1666666666666666,0.0078125,384,512,6,16,32,512,3072,25447936,256,20000,20000,0.0001,0.0001,1187.9657928943634,3.308522224426269,0.7888416846593221,0.7487893104553223,0.3339312076568603,2.26771712799867,1.5501117308934529,0.3236266920963923,agnews_head_partition_control_F6_H16_D32_F6_seed549.csv
agnews_head_partition_control_F6,frozen_agnews_head_partition_control_F6,H16_D32,AG News,,sentence-transformers/all-MiniLM-L6-v2,6,550,0.17333984375,0.0080078125,0.180908203125,0.01708984375,0.180908203125,0.17724609375,0.0126953125,False,False,False,False,0.4166666666666667,0.513888888888889,0.1666666666666666,0.0078125,384,512,6,16,32,512,3072,25447936,256,20000,20000,0.0001,0.0001,1191.861401796341,3.15569281578064,0.96667942404747,0.8766285330057144,0.3371886933843295,2.207646816968918,1.5851733287175496,0.3264181911945343,agnews_head_partition_control_F6_H16_D32_F6_seed550.csv
agnews_head_partition_control_F6,frozen_agnews_head_partition_control_F6,H16_D32,AG News,,sentence-transformers/all-MiniLM-L6-v2,6,551,0.16455078125,-0.0025390624999999,0.169921875,0.00390625,0.169921875,0.18017578125,0.0162109375,False,False,False,False,0.4166666666666667,0.513888888888889,0.1666666666666666,0.0078125,384,512,6,16,32,512,3072,25447936,256,20000,20000,0.0001,0.0001,1195.8874418735504,3.4627926349639893,0.788703108827273,0.8892613897720972,0.366657758752505,2.206004669268926,1.5059916377067566,0.3431233018636703,agnews_head_partition_control_F6_H16_D32_F6_seed551.csv
agnews_head_partition_control_F6,frozen_agnews_head_partition_control_F6,H16_D32,AG News,,sentence-transformers/all-MiniLM-L6-v2,6,552,0.170654296875,0.00478515625,0.1708984375,0.005078125,0.1708984375,0.1787109375,0.014453125,False,False,False,False,0.4166666666666667,0.513888888888889,0.1666666666666666,0.0078125,384,512,6,16,32,512,3072,25447936,256,20000,20000,0.0001,0.0001,1167.973975896835,3.4867606163024902,0.892283484339714,0.8234802732865015,0.3393266449371974,2.4554766416549683,1.5221739411354065,0.3352066328128179,agnews_head_partition_control_F6_H16_D32_F6_seed552.csv
agnews_head_partition_control_F6,frozen_agnews_head_partition_control_F6,H16_D32,AG News,,sentence-transformers/all-MiniLM-L6-v2,6,553,0.18310546875,0.0197265625,0.19580078125,0.0349609375,0.19580078125,0.183837890625,0.02060546875,False,False,False,False,0.4166666666666667,0.513888888888889,0.1666666666666666,0.0078125,384,512,6,16,32,512,3072,25447936,256,20000,20000,0.0001,0.0001,1153.5975441932678,3.2739973068237305,1.0793933769067128,0.9015371402104696,0.3676833808422088,3.1254589955012,1.228930373986562,0.4756044199069341,agnews_head_partition_control_F6_H16_D32_F6_seed553.csv
agnews_head_partition_control_F6,frozen_agnews_head_partition_control_F6,H16_D32,AG News,,sentence-transformers/all-MiniLM-L6-v2,6,554,0.17431640625,0.0091796875,0.179443359375,0.01533203125,0.179443359375,0.1787109375,0.014453125,False,False,False,False,0.4166666666666667,0.513888888888889,0.1666666666666666,0.0078125,384,512,6,16,32,512,3072,25447936,256,20000,20000,0.0001,0.0001,1151.1293630599976,3.0798873901367188,1.2492090066274006,0.9104366401831308,0.3525807882348696,3.284481664498647,1.3451967040697734,0.4345634529987971,agnews_head_partition_control_F6_H16_D32_F6_seed554.csv
agnews_head_partition_control_F6,frozen_agnews_head_partition_control_F6,H16_D32,AG News,,sentence-transformers/all-MiniLM-L6-v2,6,555,0.17333984375,0.0080078125,0.164794921875,-0.0022460937499999,0.164794921875,0.1845703125,0.021484375,False,False,False,False,0.4166666666666667,0.513888888888889,0.1666666666666666,0.0078125,384,512,6,16,32,512,3072,25447936,256,20000,20000,0.0001,0.0001,1153.615254163742,3.2014918327331543,0.8431935062011083,0.8738732685645422,0.3638947208722432,2.4026964008808136,1.403726319471995,0.3862594068050384,agnews_head_partition_control_F6_H16_D32_F6_seed555.csv
agnews_head_partition_control_F6,frozen_agnews_head_partition_control_F6,H16_D32,AG News,,sentence-transformers/all-MiniLM-L6-v2,6,556,0.9345703125,0.921484375,0.93408203125,0.9208984375,0.93408203125,0.937255859375,0.92470703125,True,True,True,True,0.4166666666666667,0.513888888888889,0.1666666666666666,0.0078125,384,512,6,16,32,512,3072,25447936,256,20000,20000,0.0001,0.0001,1148.1237289905548,4.57257080078125,1.4838870465755465,1.7653753757476809,0.4795639316240946,9.834309180577597,0.5985982716083527,0.7603940864404043,agnews_head_partition_control_F6_H16_D32_F6_seed556.csv
agnews_head_partition_control_F6,frozen_agnews_head_partition_control_F6,H16_D32,AG News,,sentence-transformers/all-MiniLM-L6-v2,6,557,0.310302734375,0.17236328125,0.3212890625,0.185546875,0.3212890625,0.31201171875,0.1744140625,False,False,False,False,0.4166666666666667,0.513888888888889,0.1666666666666666,0.0078125,384,512,6,16,32,512,3072,25447936,256,20000,20000,0.0001,0.0001,1151.3988547325134,3.66687273979187,1.4083266059557598,1.119277705748876,0.4250385413567225,4.095885276794434,1.3382800618807476,0.4538480291763941,agnews_head_partition_control_F6_H16_D32_F6_seed557.csv
agnews_head_partition_control_F6,frozen_agnews_head_partition_control_F6,H16_D32,AG News,,sentence-transformers/all-MiniLM-L6-v2,6,558,0.826904296875,0.79228515625,0.836669921875,0.80400390625,0.836669921875,0.826904296875,0.79228515625,True,True,True,True,0.4166666666666667,0.513888888888889,0.1666666666666666,0.0078125,384,512,6,16,32,512,3072,25447936,256,20000,20000,0.0001,0.0001,1148.8815531730652,8.055811882019043,1.9592685600121813,2.077202081680298,0.4526602774858475,18.77663544813792,0.561703676978747,0.7654778261979421,agnews_head_partition_control_F6_H16_D32_F6_seed558.csv
agnews_head_partition_control_F6,frozen_agnews_head_partition_control_F6,H16_D32,AG News,,sentence-transformers/all-MiniLM-L6-v2,6,559,0.8076171875,0.769140625,0.80908203125,0.7708984375,0.80908203125,0.8076171875,0.769140625,True,True,True,True,0.4166666666666667,0.513888888888889,0.1666666666666666,0.0078125,384,512,6,16,32,512,3072,25447936,256,20000,20000,0.0001,0.0001,1149.7325866222382,7.802015781402588,1.6707327862580617,1.82523779074351,0.5059590488672256,13.541807572046917,0.5343879957993826,0.7668420672416687,agnews_head_partition_control_F6_H16_D32_F6_seed559.csv
agnews_head_partition_control_F6,frozen_agnews_head_partition_control_F6,H16_D32,AG News,,sentence-transformers/all-MiniLM-L6-v2,6,560,0.58642578125,0.5037109375000001,0.563720703125,0.47646484375,0.563720703125,0.58642578125,0.5037109375000001,True,True,False,True,0.4166666666666667,0.513888888888889,0.1666666666666666,0.0078125,384,512,6,16,32,512,3072,25447936,256,20000,20000,0.0001,0.0001,1152.6421792507172,5.426436424255371,1.4918095866839092,1.502336362997691,0.4559777428706487,9.388060688972471,0.6814230730136236,0.7314853171507517,agnews_head_partition_control_F6_H16_D32_F6_seed560.csv
agnews_head_partition_control_F6,frozen_agnews_head_partition_control_F6,H16_D32,AG News,,sentence-transformers/all-MiniLM-L6-v2,6,561,0.6103515625,0.532421875,0.620361328125,0.54443359375,0.620361328125,0.61376953125,0.5365234375,True,True,False,True,0.4166666666666667,0.513888888888889,0.1666666666666666,0.0078125,384,512,6,16,32,512,3072,25447936,256,20000,20000,0.0001,0.0001,1152.9107415676117,6.220620632171631,1.246830314397812,1.6943742235501609,0.4864906370639801,9.493215759595236,0.7479534645875295,0.6852936744689941,agnews_head_partition_control_F6_H16_D32_F6_seed561.csv
agnews_head_partition_control_F6,frozen_agnews_head_partition_control_F6,H16_D32,AG News,,sentence-transformers/all-MiniLM-L6-v2,6,562,0.22119140625,0.0654296875,0.230712890625,0.07685546875,0.230712890625,0.222900390625,0.06748046875,False,False,False,False,0.4166666666666667,0.513888888888889,0.1666666666666666,0.0078125,384,512,6,16,32,512,3072,25447936,256,20000,20000,0.0001,0.0001,1152.0380551815033,3.414283514022827,1.532939041654269,1.168628106514613,0.3790576159954071,6.3421428600947065,1.2141779661178589,0.5067245215177536,agnews_head_partition_control_F6_H16_D32_F6_seed562.csv
agnews_head_partition_control_F6,frozen_agnews_head_partition_control_F6,H16_D32,AG News,,sentence-transformers/all-MiniLM-L6-v2,6,563,0.244140625,0.09296875,0.258544921875,0.11025390625,0.258544921875,0.245849609375,0.09501953125,False,False,False,False,0.4166666666666667,0.513888888888889,0.1666666666666666,0.0078125,384,512,6,16,32,512,3072,25447936,256,20000,20000,0.0001,0.0001,1152.2231984138489,3.910469770431519,1.5687817931175232,1.120046724875768,0.4016928027073542,5.489876667658488,1.1929002304871876,0.5224917978048325,agnews_head_partition_control_F6_H16_D32_F6_seed563.csv
agnews_head_partition_control_F6,frozen_agnews_head_partition_control_F6,H16_D32,AG News,,sentence-transformers/all-MiniLM-L6-v2,6,564,0.6708984375,0.605078125,0.676513671875,0.61181640625,0.676513671875,0.6728515625,0.607421875,True,True,False,True,0.4166666666666667,0.513888888888889,0.1666666666666666,0.0078125,384,512,6,16,32,512,3072,25447936,256,20000,20000,0.0001,0.0001,1152.6379313468933,6.420139312744141,1.4063902298609416,1.841288626194,0.4771566887696584,11.010031978289286,0.7168366412321726,0.6976152857144674,agnews_head_partition_control_F6_H16_D32_F6_seed564.csv
agnews_head_partition_control_F6,frozen_agnews_head_partition_control_F6,H16_D32,AG News,,sentence-transformers/all-MiniLM-L6-v2,6,565,0.168212890625,0.00185546875,0.16357421875,-0.0037109374999999,0.16357421875,0.179443359375,0.01533203125,False,False,False,False,0.4166666666666667,0.513888888888889,0.1666666666666666,0.0078125,384,512,6,16,32,512,3072,25447936,256,20000,20000,0.0001,0.0001,1154.6293399333954,3.2987070083618164,0.6256391157706579,0.8819530705610911,0.3070109461744626,1.5856877019008,1.6329340140024822,0.2967123687267303,agnews_head_partition_control_F6_H16_D32_F6_seed565.csv
agnews_head_partition_control_F6,frozen_agnews_head_partition_control_F6,H16_D32,AG News,,sentence-transformers/all-MiniLM-L6-v2,6,566,0.349853515625,0.21982421875,0.33740234375,0.2048828125,0.33740234375,0.35009765625,0.2201171875,False,False,False,False,0.4166666666666667,0.513888888888889,0.1666666666666666,0.0078125,384,512,6,16,32,512,3072,25447936,256,20000,20000,0.0001,0.0001,1151.7055249214172,4.012420177459717,1.3908372521400452,1.1551491419474285,0.4271210283041,4.153818607330322,1.2823261618614197,0.4858562499284744,agnews_head_partition_control_F6_H16_D32_F6_seed566.csv
agnews_head_partition_control_F6,frozen_agnews_head_partition_control_F6,H16_D32,AG News,,sentence-transformers/all-MiniLM-L6-v2,6,567,0.668212890625,0.6018554687500001,0.674560546875,0.60947265625,0.674560546875,0.669677734375,0.60361328125,True,True,False,True,0.4166666666666667,0.513888888888889,0.1666666666666666,0.0078125,384,512,6,16,32,512,3072,25447936,256,20000,20000,0.0001,0.0001,1150.2656815052032,5.141231536865234,1.576791226863861,1.7615463137626648,0.4979127744833628,11.50628900527954,0.5509005983670553,0.7783139050006866,agnews_head_partition_control_F6_H16_D32_F6_seed567.csv
agnews_head_partition_control_F6,frozen_agnews_head_partition_control_F6,H16_D32,AG News,,sentence-transformers/all-MiniLM-L6-v2,6,568,0.168212890625,0.00185546875,0.16943359375,0.0033203125,0.16943359375,0.18017578125,0.0162109375,False,False,False,False,0.4166666666666667,0.513888888888889,0.1666666666666666,0.0078125,384,512,6,16,32,512,3072,25447936,256,20000,20000,0.0001,0.0001,1151.804381608963,3.4549779891967773,0.8219195206960043,0.8348889350891113,0.3123059943318367,2.3130153765281043,1.622752070426941,0.3002377549807231,agnews_head_partition_control_F6_H16_D32_F6_seed568.csv
agnews_head_partition_control_F6,frozen_agnews_head_partition_control_F6,H16_D32,AG News,,sentence-transformers/all-MiniLM-L6-v2,6,569,0.961181640625,0.95341796875,0.96240234375,0.9548828125,0.96240234375,0.96142578125,0.9537109375,True,True,True,True,0.4166666666666667,0.513888888888889,0.1666666666666666,0.0078125,384,512,6,16,32,512,3072,25447936,256,20000,20000,0.0001,0.0001,1146.741935968399,3.6380133628845215,1.7386295596758523,1.6935197313626609,0.4766679505507151,9.622179746627808,0.4982342322667439,0.8033746083577474,agnews_head_partition_control_F6_H16_D32_F6_seed569.csv
agnews_head_partition_control_F6,frozen_agnews_head_partition_control_F6,H16_D32,AG News,,sentence-transformers/all-MiniLM-L6-v2,6,570,0.31591796875,0.1791015625,0.313232421875,0.17587890625,0.313232421875,0.31591796875,0.1791015625,False,False,False,False,0.4166666666666667,0.513888888888889,0.1666666666666666,0.0078125,384,512,6,16,32,512,3072,25447936,256,20000,20000,0.0001,0.0001,1152.9112207889557,4.050961971282959,1.2001947114864986,1.028160274028778,0.4342212378978729,4.48977146546046,1.1221361656983693,0.5562925984462103,agnews_head_partition_control_F6_H16_D32_F6_seed570.csv
agnews_head_partition_control_F6,frozen_agnews_head_partition_control_F6,H16_D32,AG News,,sentence-transformers/all-MiniLM-L6-v2,6,571,0.63232421875,0.5587890625,0.61572265625,0.5388671875000001,0.61572265625,0.63232421875,0.5587890625,True,True,False,True,0.4166666666666667,0.513888888888889,0.1666666666666666,0.0078125,384,512,6,16,32,512,3072,25447936,256,20000,20000,0.0001,0.0001,1152.885136127472,8.689778327941895,1.3909302751223247,1.4680793682734172,0.4957803736130396,7.583831350008647,0.7043434580167135,0.703336218992869,agnews_head_partition_control_F6_H16_D32_F6_seed571.csv
agnews_head_partition_control_F6,frozen_agnews_head_partition_control_F6,H16_D32,AG News,,sentence-transformers/all-MiniLM-L6-v2,6,572,0.177490234375,0.01298828125,0.16650390625,-0.0001953124999999,0.16650390625,0.177490234375,0.01298828125,False,False,False,False,0.4166666666666667,0.513888888888889,0.1666666666666666,0.0078125,384,512,6,16,32,512,3072,25447936,256,20000,20000,0.0001,0.0001,1151.7584435939789,3.134647846221924,0.7809920161962509,0.6636462062597275,0.2857792725165685,2.15353316317002,1.6351784666379292,0.2907628913720448,agnews_head_partition_control_F6_H16_D32_F6_seed572.csv
agnews_head_partition_control_F6,frozen_agnews_head_partition_control_F6,H16_D32,AG News,,sentence-transformers/all-MiniLM-L6-v2,6,573,0.17333984375,0.0080078125,0.15869140625,-0.0095703124999999,0.15869140625,0.18408203125,0.0208984375,False,False,False,False,0.4166666666666667,0.513888888888889,0.1666666666666666,0.0078125,384,512,6,16,32,512,3072,25447936,256,20000,20000,0.0001,0.0001,1150.4908463954926,3.385831117630005,0.8855360746383667,0.9157188733418784,0.3358307257294655,3.173749645551046,1.552213152249654,0.3243733694156011,agnews_head_partition_control_F6_H16_D32_F6_seed573.csv
agnews_head_partition_control_F6,frozen_agnews_head_partition_control_F6,H16_D32,AG News,,sentence-transformers/all-MiniLM-L6-v2,6,574,0.55029296875,0.4603515625,0.546630859375,0.45595703125,0.546630859375,0.55615234375,0.4673828125,True,True,False,True,0.4166666666666667,0.513888888888889,0.1666666666666666,0.0078125,384,512,6,16,32,512,3072,25447936,256,20000,20000,0.0001,0.0001,1151.5215904712677,5.222409248352051,1.2134767174720764,1.5197898944218953,0.4988873501618703,7.38761556148529,0.9993199308713278,0.5731874505678812,agnews_head_partition_control_F6_H16_D32_F6_seed574.csv
agnews_head_partition_control_F6,frozen_agnews_head_partition_control_F6,H16_D32,AG News,,sentence-transformers/all-MiniLM-L6-v2,6,575,0.27294921875,0.1275390625,0.275390625,0.13046875,0.275390625,0.27294921875,0.1275390625,False,False,False,False,0.4166666666666667,0.513888888888889,0.1666666666666666,0.0078125,384,512,6,16,32,512,3072,25447936,256,20000,20000,0.0001,0.0001,1151.0028851032257,3.507030487060547,1.3020140081644058,1.1407501598199208,0.4132230232159297,5.284070710341136,1.1956728398799896,0.5142735540866852,agnews_head_partition_control_F6_H16_D32_F6_seed575.csv
agnews_head_partition_control_F6,frozen_agnews_head_partition_control_F6,H16_D32,AG News,,sentence-transformers/all-MiniLM-L6-v2,6,576,0.951416015625,0.94169921875,0.96044921875,0.9525390625,0.96044921875,0.951416015625,0.94169921875,True,True,True,True,0.4166666666666667,0.513888888888889,0.1666666666666666,0.0078125,384,512,6,16,32,512,3072,25447936,256,20000,20000,0.0001,0.0001,1147.568371295929,3.044741153717041,1.6130683322747548,1.7026900450388591,0.5083235849936804,8.88623603185018,0.5250129997730255,0.7900427977244059,agnews_head_partition_control_F6_H16_D32_F6_seed576.csv
agnews_head_partition_control_F6,frozen_agnews_head_partition_control_F6,H16_D32,AG News,,sentence-transformers/all-MiniLM-L6-v2,6,577,0.79638671875,0.7556640625,0.805419921875,0.76650390625,0.805419921875,0.798828125,0.75859375,True,True,True,True,0.4166666666666667,0.513888888888889,0.1666666666666666,0.0078125,384,512,6,16,32,512,3072,25447936,256,20000,20000,0.0001,0.0001,1149.1953628063202,7.220358371734619,1.3523346086343129,1.855639596780141,0.4642856319745381,10.384819388389587,0.5678809732198715,0.7782217164834341,agnews_head_partition_control_F6_H16_D32_F6_seed577.csv
agnews_head_partition_control_F6,frozen_agnews_head_partition_control_F6,H16_D32,AG News,,sentence-transformers/all-MiniLM-L6-v2,6,578,0.170654296875,0.00478515625,0.171142578125,0.00537109375,0.171142578125,0.177001953125,0.01240234375,False,False,False,False,0.4166666666666667,0.513888888888889,0.1666666666666666,0.0078125,384,512,6,16,32,512,3072,25447936,256,20000,20000,0.0001,0.0001,1149.9928946495056,3.389127254486084,0.8523765554030737,0.7754202385743459,0.3310154924790064,1.944779674212138,1.6026890675226848,0.3095476975043614,agnews_head_partition_control_F6_H16_D32_F6_seed578.csv
agnews_head_partition_control_F6,frozen_agnews_head_partition_control_F6,H16_D32,AG News,,sentence-transformers/all-MiniLM-L6-v2,6,579,0.84326171875,0.8119140625,0.840576171875,0.80869140625,0.840576171875,0.84326171875,0.8119140625,True,True,True,True,0.4166666666666667,0.513888888888889,0.1666666666666666,0.0078125,384,512,6,16,32,512,3072,25447936,256,20000,20000,0.0001,0.0001,1147.3273966312408,5.731986045837402,1.9367102881272635,2.1608205238978067,0.4350459674994151,19.24268329143524,0.4259212265412013,0.8271367251873016,agnews_head_partition_control_F6_H16_D32_F6_seed579.csv
agnews_head_partition_control_F6,frozen_agnews_head_partition_control_F6,H16_D32,AG News,,sentence-transformers/all-MiniLM-L6-v2,6,580,0.32080078125,0.1849609375,0.314697265625,0.17763671875,0.314697265625,0.32080078125,0.1849609375,False,False,False,False,0.4166666666666667,0.513888888888889,0.1666666666666666,0.0078125,384,512,6,16,32,512,3072,25447936,256,20000,20000,0.0001,0.0001,1151.3248858451843,3.814483165740967,1.1539994180202484,1.0001583099365234,0.4356311112642288,3.056499083836873,1.2853330373764038,0.4716769804557164,agnews_head_partition_control_F6_H16_D32_F6_seed580.csv
agnews_head_partition_control_F6,frozen_agnews_head_partition_control_F6,H16_D32,AG News,,sentence-transformers/all-MiniLM-L6-v2,6,581,0.818115234375,0.78173828125,0.821533203125,0.78583984375,0.821533203125,0.818115234375,0.78173828125,True,True,True,True,0.4166666666666667,0.513888888888889,0.1666666666666666,0.0078125,384,512,6,16,32,512,3072,25447936,256,20000,20000,0.0001,0.0001,1147.0442972183228,7.147373676300049,1.761712094148,1.9292404651641848,0.4731001605590184,14.566237568855286,0.4665486911932627,0.812108168999354,agnews_head_partition_control_F6_H16_D32_F6_seed581.csv
agnews_head_partition_control_F6,frozen_agnews_head_partition_control_F6,H16_D32,AG News,,sentence-transformers/all-MiniLM-L6-v2,6,582,0.809814453125,0.77177734375,0.81982421875,0.7837890625,0.81982421875,0.810546875,0.77265625,True,True,True,True,0.4166666666666667,0.513888888888889,0.1666666666666666,0.0078125,384,512,6,16,32,512,3072,25447936,256,20000,20000,0.0001,0.0001,1148.7924268245697,7.825713634490967,1.4013565580050151,1.946203609307607,0.4657844702402751,12.25485666592916,0.5969764043887457,0.7557110687096914,agnews_head_partition_control_F6_H16_D32_F6_seed582.csv
agnews_head_partition_control_F6,frozen_agnews_head_partition_control_F6,H16_D32,AG News,,sentence-transformers/all-MiniLM-L6-v2,6,583,0.16796875,0.0015625,0.169189453125,0.00302734375,0.169189453125,0.17626953125,0.0115234375,False,False,False,False,0.4166666666666667,0.513888888888889,0.1666666666666666,0.0078125,384,512,6,16,32,512,3072,25447936,256,20000,20000,0.0001,0.0001,1150.758156299591,3.22544527053833,0.773333877325058,0.7183064172665278,0.2825916533668836,1.998810924589634,1.6233702500661211,0.2937729756037394,agnews_head_partition_control_F6_H16_D32_F6_seed583.csv
agnews_head_partition_control_F6,frozen_agnews_head_partition_control_F6,H16_D32,AG News,,sentence-transformers/all-MiniLM-L6-v2,6,584,0.83740234375,0.8048828125,0.835205078125,0.80224609375,0.835205078125,0.83740234375,0.8048828125,True,True,True,True,0.4166666666666667,0.513888888888889,0.1666666666666666,0.0078125,384,512,6,16,32,512,3072,25447936,256,20000,20000,0.0001,0.0001,1148.0727818012238,4.086422920227051,1.9301456312338512,1.9718050360679624,0.4340782463550567,16.56182086467743,0.4788276677330335,0.8055400848388672,agnews_head_partition_control_F6_H16_D32_F6_seed584.csv
agnews_head_partition_control_F6,frozen_agnews_head_partition_control_F6,H16_D32,AG News,,sentence-transformers/all-MiniLM-L6-v2,6,585,0.199462890625,0.03935546875,0.203125,0.04375,0.203125,0.199462890625,0.03935546875,False,False,False,False,0.4166666666666667,0.513888888888889,0.1666666666666666,0.0078125,384,512,6,16,32,512,3072,25447936,256,20000,20000,0.0001,0.0001,1151.3430008888245,3.111424446105957,1.0617309163014097,0.9080682943264644,0.3638749271631241,2.5941969404617944,1.5313915808995564,0.3553796211878459,agnews_head_partition_control_F6_H16_D32_F6_seed585.csv
agnews_head_partition_control_F6,frozen_agnews_head_partition_control_F6,H16_D32,AG News,,sentence-transformers/all-MiniLM-L6-v2,6,586,0.963623046875,0.95634765625,0.96484375,0.9578125,0.96484375,0.963623046875,0.95634765625,True,True,True,True,0.4166666666666667,0.513888888888889,0.1666666666666666,0.0078125,384,512,6,16,32,512,3072,25447936,256,20000,20000,0.0001,0.0001,1148.62553191185,4.50894021987915,1.754526048898697,1.707806944847107,0.4711247185866038,9.98832885424296,0.4905278186003367,0.8079888820648193,agnews_head_partition_control_F6_H16_D32_F6_seed586.csv
agnews_head_partition_control_F6,frozen_agnews_head_partition_control_F6,H16_D32,AG News,,sentence-transformers/all-MiniLM-L6-v2,6,587,0.8193359375,0.783203125,0.822998046875,0.78759765625,0.822998046875,0.8193359375,0.783203125,True,True,True,True,0.4166666666666667,0.513888888888889,0.1666666666666666,0.0078125,384,512,6,16,32,512,3072,25447936,256,20000,20000,0.0001,0.0001,1166.4215023517609,5.078774929046631,1.8483128647009528,1.905871589978536,0.4516383657852809,14.970214565594992,0.4204881240924199,0.8285307089487711,agnews_head_partition_control_F6_H16_D32_F6_seed587.csv
agnews_head_partition_control_F6,frozen_agnews_head_partition_control_F6,H16_D32,AG News,,sentence-transformers/all-MiniLM-L6-v2,6,588,0.74169921875,0.6900390625,0.757080078125,0.70849609375,0.757080078125,0.74169921875,0.6900390625,True,True,False,True,0.4166666666666667,0.513888888888889,0.1666666666666666,0.0078125,384,512,6,16,32,512,3072,25447936,256,20000,20000,0.0001,0.0001,1156.4137620925903,7.08460807800293,1.68121940890948,1.6810831427574158,0.4695951590935389,12.50019625822703,0.5904661764701208,0.7647255063056946,agnews_head_partition_control_F6_H16_D32_F6_seed588.csv
agnews_head_partition_control_F6,frozen_agnews_head_partition_control_F6,H16_D32,AG News,,sentence-transformers/all-MiniLM-L6-v2,6,589,0.1708984375,0.005078125,0.174072265625,0.00888671875,0.174072265625,0.177490234375,0.01298828125,False,False,False,False,0.4166666666666667,0.513888888888889,0.1666666666666666,0.0078125,384,512,6,16,32,512,3072,25447936,256,20000,20000,0.0001,0.0001,1153.8240869045258,3.339866876602173,0.9269441415866216,0.9095418055852256,0.3325516457358996,3.285654202103615,1.5525931119918823,0.3277551978826523,agnews_head_partition_control_F6_H16_D32_F6_seed589.csv
agnews_head_partition_control_F6,frozen_agnews_head_partition_control_F6,H16_D32,AG News,,sentence-transformers/all-MiniLM-L6-v2,6,590,0.61279296875,0.5353515625,0.605224609375,0.52626953125,0.605224609375,0.61279296875,0.5353515625,True,True,False,True,0.4166666666666667,0.513888888888889,0.1666666666666666,0.0078125,384,512,6,16,32,512,3072,25447936,256,20000,20000,0.0001,0.0001,1156.5473453998566,5.9056830406188965,1.2099400460720062,1.6406063636144002,0.4773535430431366,7.543201923370361,0.8717462221781412,0.6385713815689087,agnews_head_partition_control_F6_H16_D32_F6_seed590.csv
agnews_head_partition_control_F6,frozen_agnews_head_partition_control_F6,H16_D32,AG News,,sentence-transformers/all-MiniLM-L6-v2,6,591,0.180908203125,0.01708984375,0.161865234375,-0.0057617187499999,0.161865234375,0.180908203125,0.01708984375,False,False,False,False,0.4166666666666667,0.513888888888889,0.1666666666666666,0.0078125,384,512,6,16,32,512,3072,25447936,256,20000,20000,0.0001,0.0001,1154.5109820365906,3.3118159770965576,0.8359529773394266,0.7674879878759384,0.3265808075666427,3.2292577301462493,1.5776095986366272,0.3211238483587901,agnews_head_partition_control_F6_H16_D32_F6_seed591.csv
agnews_head_partition_control_F6,frozen_agnews_head_partition_control_F6,H16_D32,AG News,,sentence-transformers/all-MiniLM-L6-v2,6,592,0.7861328125,0.743359375,0.7822265625,0.738671875,0.7822265625,0.786376953125,0.74365234375,True,True,False,True,0.4166666666666667,0.513888888888889,0.1666666666666666,0.0078125,384,512,6,16,32,512,3072,25447936,256,20000,20000,0.0001,0.0001,1156.9179561138153,7.516744136810303,1.75488942861557,1.8451017141342163,0.4678898006677627,14.829707821210226,0.494063730041186,0.8028899331887563,agnews_head_partition_control_F6_H16_D32_F6_seed592.csv
agnews_head_partition_control_F6,frozen_agnews_head_partition_control_F6,H16_D32,AG News,,sentence-transformers/all-MiniLM-L6-v2,6,593,0.173828125,0.00859375,0.1748046875,0.009765625,0.1748046875,0.176513671875,0.01181640625,False,False,False,False,0.4166666666666667,0.513888888888889,0.1666666666666666,0.0078125,384,512,6,16,32,512,3072,25447936,256,20000,20000,0.0001,0.0001,1159.6988463401794,3.320861577987671,0.8926361451546351,0.9031386574109396,0.3690996865431468,2.566622336705526,1.3751840392748516,0.405059148867925,agnews_head_partition_control_F6_H16_D32_F6_seed593.csv
agnews_head_partition_control_F6,frozen_agnews_head_partition_control_F6,H16_D32,AG News,,sentence-transformers/all-MiniLM-L6-v2,6,594,0.159423828125,-0.0086914062499999,0.162109375,-0.0054687499999999,0.162109375,0.171630859375,0.00595703125,False,False,False,False,0.4166666666666667,0.513888888888889,0.1666666666666666,0.0078125,384,512,6,16,32,512,3072,25447936,256,20000,20000,0.0001,0.0001,1156.1723098754885,3.4482641220092773,0.8072628080844879,0.6694290339946747,0.2817341610789299,2.344242423772812,1.6280237237612407,0.2962493101755778,agnews_head_partition_control_F6_H16_D32_F6_seed594.csv
agnews_head_partition_control_F6,frozen_agnews_head_partition_control_F6,H16_D32,AG News,,sentence-transformers/all-MiniLM-L6-v2,6,595,0.7802734375,0.736328125,0.777587890625,0.73310546875,0.777587890625,0.7802734375,0.736328125,True,True,False,True,0.4166666666666667,0.513888888888889,0.1666666666666666,0.0078125,384,512,6,16,32,512,3072,25447936,256,20000,20000,0.0001,0.0001,1155.6946461200714,6.948103904724121,1.7557487587134044,1.8246203263600669,0.4606174131234486,14.702547550201416,0.5304969896872839,0.783879299958547,agnews_head_partition_control_F6_H16_D32_F6_seed595.csv
agnews_head_partition_control_F6,frozen_agnews_head_partition_control_F6,H16_D32,AG News,,sentence-transformers/all-MiniLM-L6-v2,6,596,0.780029296875,0.73603515625,0.782470703125,0.73896484375,0.782470703125,0.78125,0.7375,True,True,False,True,0.4166666666666667,0.513888888888889,0.1666666666666666,0.0078125,384,512,6,16,32,512,3072,25447936,256,20000,20000,0.0001,0.0001,1158.931317806244,7.077333927154541,1.6931247611840563,1.7755297819773357,0.4615604281425476,12.73015809059143,0.5181848059097925,0.7899702588717142,agnews_head_partition_control_F6_H16_D32_F6_seed596.csv
agnews_head_partition_control_F6,frozen_agnews_head_partition_control_F6,H16_D32,AG News,,sentence-transformers/all-MiniLM-L6-v2,6,597,0.822265625,0.78671875,0.824951171875,0.78994140625,0.824951171875,0.822265625,0.78671875,True,True,True,True,0.4166666666666667,0.513888888888889,0.1666666666666666,0.0078125,384,512,6,16,32,512,3072,25447936,256,20000,20000,0.0001,0.0001,1158.3866679668429,7.334220886230469,1.8734474182128904,2.034547666708628,0.4334886074066162,17.539934317270916,0.4673210283120473,0.8079000115394592,agnews_head_partition_control_F6_H16_D32_F6_seed597.csv
agnews_head_partition_control_F6,frozen_agnews_head_partition_control_F6,H16_D32,AG News,,sentence-transformers/all-MiniLM-L6-v2,6,598,0.8212890625,0.785546875,0.8330078125,0.799609375,0.8330078125,0.8212890625,0.785546875,True,True,True,True,0.4166666666666667,0.513888888888889,0.1666666666666666,0.0078125,384,512,6,16,32,512,3072,25447936,256,20000,20000,0.0001,0.0001,1160.577003955841,5.6118364334106445,1.6419858237107594,1.856946051120758,0.4408034533262253,13.222028493881226,0.542649174729983,0.7750006715456644,agnews_head_partition_control_F6_H16_D32_F6_seed598.csv
agnews_head_partition_control_F6,frozen_agnews_head_partition_control_F6,H16_D32,AG News,,sentence-transformers/all-MiniLM-L6-v2,6,599,0.7958984375,0.755078125,0.806396484375,0.76767578125,0.806396484375,0.796142578125,0.75537109375,True,True,True,True,0.4166666666666667,0.513888888888889,0.1666666666666666,0.0078125,384,512,6,16,32,512,3072,25447936,256,20000,20000,0.0001,0.0001,1163.951353788376,11.331629753112791,1.9644702573617296,2.0126123428344727,0.4462505529324214,18.601412693659466,0.5081631789604822,0.7923460900783539,agnews_head_partition_control_F6_H16_D32_F6_seed599.csv
agnews_head_partition_control_F6,frozen_agnews_head_partition_control_F6,H16_D32,AG News,,sentence-transformers/all-MiniLM-L6-v2,6,600,0.78076171875,0.7369140625,0.795654296875,0.75478515625,0.795654296875,0.782470703125,0.73896484375,True,True,False,True,0.4166666666666667,0.513888888888889,0.1666666666666666,0.0078125,384,512,6,16,32,512,3072,25447936,256,20000,20000,0.0001,0.0001,1162.634593963623,5.541582584381104,1.632483075062434,1.890438973903656,0.4651200821002324,14.580411314964294,0.5603373150030772,0.7768476009368896,agnews_head_partition_control_F6_H16_D32_F6_seed600.csv
agnews_head_partition_control_F6,frozen_agnews_head_partition_control_F6,H16_D32,AG News,,sentence-transformers/all-MiniLM-L6-v2,6,601,0.652099609375,0.58251953125,0.65478515625,0.5857421875000001,0.65478515625,0.65283203125,0.5833984375,True,True,False,True,0.4166666666666667,0.513888888888889,0.1666666666666666,0.0078125,384,512,6,16,32,512,3072,25447936,256,20000,20000,0.0001,0.0001,1166.7163064479828,7.890202045440674,1.5686928431193037,1.612217704455058,0.4616944392522176,11.114438772201538,0.7006075183550516,0.7212516864140829,agnews_head_partition_control_F6_H16_D32_F6_seed601.csv
agnews_head_partition_control_F6,frozen_agnews_head_partition_control_F6,H16_D32,AG News,,sentence-transformers/all-MiniLM-L6-v2,6,602,0.9619140625,0.954296875,0.96337890625,0.9560546875,0.96337890625,0.96240234375,0.9548828125,True,True,True,True,0.4166666666666667,0.513888888888889,0.1666666666666666,0.0078125,384,512,6,16,32,512,3072,25447936,256,20000,20000,0.0001,0.0001,1160.4358122348783,4.490967273712158,1.661534994840622,1.8020349740982056,0.49629441400369,10.293911695480348,0.5679087042808533,0.7666083574295044,agnews_head_partition_control_F6_H16_D32_F6_seed602.csv
agnews_head_partition_control_F6,frozen_agnews_head_partition_control_F6,H16_D32,AG News,,sentence-transformers/all-MiniLM-L6-v2,6,603,0.726806640625,0.6721679687500001,0.741943359375,0.69033203125,0.741943359375,0.726806640625,0.6721679687500001,True,True,False,True,0.4166666666666667,0.513888888888889,0.1666666666666666,0.0078125,384,512,6,16,32,512,3072,25447936,256,20000,20000,0.0001,0.0001,1163.292855978012,6.767080783843994,1.2381986280282338,1.7017984787623088,0.4721304923295975,9.053616126378378,0.7020429869492849,0.7175308267275492,agnews_head_partition_control_F6_H16_D32_F6_seed603.csv
agnews_head_partition_control_F6,frozen_agnews_head_partition_control_F6,H16_D32,AG News,,sentence-transformers/all-MiniLM-L6-v2,6,604,0.382080078125,0.25849609375,0.371337890625,0.24560546875,0.371337890625,0.382080078125,0.25849609375,False,False,False,False,0.4166666666666667,0.513888888888889,0.1666666666666666,0.0078125,384,512,6,16,32,512,3072,25447936,256,20000,20000,0.0001,0.0001,1161.5895302295685,3.842863082885742,1.3403783837954204,1.125576337178548,0.4612149049838384,4.3807412187258405,1.0566992163658142,0.5852392961581548,agnews_head_partition_control_F6_H16_D32_F6_seed604.csv
agnews_head_partition_control_F6,frozen_agnews_head_partition_control_F6,H16_D32,AG News,,sentence-transformers/all-MiniLM-L6-v2,6,605,0.95849609375,0.9501953125,0.9677734375,0.961328125,0.9677734375,0.95849609375,0.9501953125,True,True,True,True,0.4166666666666667,0.513888888888889,0.1666666666666666,0.0078125,384,512,6,16,32,512,3072,25447936,256,20000,20000,0.0001,0.0001,1156.7043731212616,2.8918445110321045,1.6257234414418538,1.740969955921173,0.4701265543699264,9.489008943239847,0.5231932650009791,0.7916623254617056,agnews_head_partition_control_F6_H16_D32_F6_seed605.csv
agnews_head_partition_control_F6,frozen_agnews_head_partition_control_F6,H16_D32,AG News,,sentence-transformers/all-MiniLM-L6-v2,6,606,0.96044921875,0.9525390625,0.9638671875,0.956640625,0.9638671875,0.96044921875,0.9525390625,True,True,True,True,0.4166666666666667,0.513888888888889,0.1666666666666666,0.0078125,384,512,6,16,32,512,3072,25447936,256,20000,20000,0.0001,0.0001,1151.8983135223389,7.294592380523682,1.6825747887293498,1.8227032820383708,0.4900863468647003,11.302191654841105,0.5172493060429891,0.7907136082649231,agnews_head_partition_control_F6_H16_D32_F6_seed606.csv
agnews_head_partition_control_F6,frozen_agnews_head_partition_control_F6,H16_D32,AG News,,sentence-transformers/all-MiniLM-L6-v2,6,607,0.17041015625,0.0044921875,0.166259765625,-0.0004882812499999,0.166259765625,0.17578125,0.0109375,False,False,False,False,0.4166666666666667,0.513888888888889,0.1666666666666666,0.0078125,384,512,6,16,32,512,3072,25447936,256,20000,20000,0.0001,0.0001,1157.7486743927002,3.3137848377227783,0.8409806340932846,0.7941525230805079,0.3255750338236491,2.126629044612249,1.554549217224121,0.3280965934197108,agnews_head_partition_control_F6_H16_D32_F6_seed607.csv
agnews_head_partition_control_F6,frozen_agnews_head_partition_control_F6,H16_D32,AG News,,sentence-transformers/all-MiniLM-L6-v2,6,608,0.169677734375,0.00361328125,0.16650390625,-0.0001953124999999,0.16650390625,0.184326171875,0.02119140625,False,False,False,False,0.4166666666666667,0.513888888888889,0.1666666666666666,0.0078125,384,512,6,16,32,512,3072,25447936,256,20000,20000,0.0001,0.0001,1159.0731003284454,3.128732681274414,0.8536280045906702,0.8591470321019491,0.3308372149864833,3.220905676484108,1.5300662517547607,0.3244174420833587,agnews_head_partition_control_F6_H16_D32_F6_seed608.csv
agnews_head_partition_control_F6,frozen_agnews_head_partition_control_F6,H16_D32,AG News,,sentence-transformers/all-MiniLM-L6-v2,6,609,0.170654296875,0.00478515625,0.1796875,0.015625,0.1796875,0.181396484375,0.01767578125,False,False,False,False,0.4166666666666667,0.513888888888889,0.1666666666666666,0.0078125,384,512,6,16,32,512,3072,25447936,256,20000,20000,0.0001,0.0001,1161.083149433136,3.4681859016418457,1.0246684302886326,0.9472658981879551,0.3631480932235718,3.2218874096870422,1.3479179739952087,0.4180139352877934,agnews_head_partition_control_F6_H16_D32_F6_seed609.csv
agnews_head_partition_control_F6,frozen_agnews_head_partition_control_F6,H16_D32,AG News,,sentence-transformers/all-MiniLM-L6-v2,6,610,0.79150390625,0.7498046875000001,0.803466796875,0.76416015625,0.803466796875,0.79150390625,0.7498046875000001,True,True,True,True,0.4166666666666667,0.513888888888889,0.1666666666666666,0.0078125,384,512,6,16,32,512,3072,25447936,256,20000,20000,0.0001,0.0001,1158.0416629314425,5.736608505249023,1.674721896648407,1.8034074703852336,0.4725847293933232,12.910903930664062,0.4660156369209289,0.8125555713971456,agnews_head_partition_control_F6_H16_D32_F6_seed610.csv
agnews_head_partition_control_F6,frozen_agnews_head_partition_control_F6,H16_D32,AG News,,sentence-transformers/all-MiniLM-L6-v2,6,611,0.17626953125,0.0115234375,0.161865234375,-0.0057617187499999,0.161865234375,0.17626953125,0.0115234375,False,False,False,False,0.4166666666666667,0.513888888888889,0.1666666666666666,0.0078125,384,512,6,16,32,512,3072,25447936,256,20000,20000,0.0001,0.0001,1159.7721927165985,3.4166877269744877,0.7601354519526163,0.8618400643269221,0.312870701154073,2.444283530116081,1.5984784960746763,0.307551567753156,agnews_head_partition_control_F6_H16_D32_F6_seed611.csv
agnews_head_partition_control_F6,frozen_agnews_head_partition_control_F6,H16_D32,AG News,,sentence-transformers/all-MiniLM-L6-v2,6,612,0.16845703125,0.0021484375,0.18408203125,0.0208984375,0.18408203125,0.17529296875,0.0103515625,False,False,False,False,0.4166666666666667,0.513888888888889,0.1666666666666666,0.0078125,384,512,6,16,32,512,3072,25447936,256,20000,20000,0.0001,0.0001,1162.3049182891846,3.281139373779297,0.9937257965405782,0.8846237262090048,0.3522293865680694,2.8873846232891083,1.46905920902888,0.3787113726139068,agnews_head_partition_control_F6_H16_D32_F6_seed612.csv
agnews_head_partition_control_F6,frozen_agnews_head_partition_control_F6,H16_D32,AG News,,sentence-transformers/all-MiniLM-L6-v2,6,613,0.245849609375,0.09501953125,0.236328125,0.08359375,0.236328125,0.246337890625,0.09560546875,False,False,False,False,0.4166666666666667,0.513888888888889,0.1666666666666666,0.0078125,384,512,6,16,32,512,3072,25447936,256,20000,20000,0.0001,0.0001,1160.1080331802368,3.468871831893921,1.321642244855563,1.0149494409561155,0.3886064787705739,4.822748243808746,1.2187870343526204,0.4956679493188858,agnews_head_partition_control_F6_H16_D32_F6_seed613.csv
agnews_head_partition_control_F6,frozen_agnews_head_partition_control_F6,H16_D32,AG News,,sentence-transformers/all-MiniLM-L6-v2,6,614,0.169921875,0.00390625,0.161376953125,-0.0063476562499999,0.161376953125,0.177978515625,0.01357421875,False,False,False,False,0.4166666666666667,0.513888888888889,0.1666666666666666,0.0078125,384,512,6,16,32,512,3072,25447936,256,20000,20000,0.0001,0.0001,1157.4377613067627,3.358195543289185,0.7586724658807119,0.8224261005719503,0.3053145706653595,2.2271849239865937,1.6298774480819702,0.2948059787352879,agnews_head_partition_control_F6_H16_D32_F6_seed614.csv
agnews_head_partition_control_F6,frozen_agnews_head_partition_control_F6,H16_D32,AG News,,sentence-transformers/all-MiniLM-L6-v2,6,615,0.906005859375,0.88720703125,0.904296875,0.88515625,0.904296875,0.906005859375,0.88720703125,True,True,True,True,0.4166666666666667,0.513888888888889,0.1666666666666666,0.0078125,384,512,6,16,32,512,3072,25447936,256,20000,20000,0.0001,0.0001,1157.9554426670074,6.2036614418029785,1.7261763314406078,1.8632561961809797,0.482862467567126,13.718634208043415,0.5030926962693533,0.8035855193932852,agnews_head_partition_control_F6_H16_D32_F6_seed615.csv
agnews_head_partition_control_F6,frozen_agnews_head_partition_control_F6,H16_D32,AG News,,sentence-transformers/all-MiniLM-L6-v2,6,616,0.810302734375,0.77236328125,0.818359375,0.78203125,0.818359375,0.810302734375,0.77236328125,True,True,True,True,0.4166666666666667,0.513888888888889,0.1666666666666666,0.0078125,384,512,6,16,32,512,3072,25447936,256,20000,20000,0.0001,0.0001,1159.2059650421145,5.196568965911865,1.4335938195387523,1.976065119107564,0.4817541887362798,11.766469279925028,0.653537799914678,0.723203976949056,agnews_head_partition_control_F6_H16_D32_F6_seed616.csv
agnews_head_partition_control_F6,frozen_agnews_head_partition_control_F6,H16_D32,AG News,,sentence-transformers/all-MiniLM-L6-v2,6,617,0.81787109375,0.7814453125,0.81494140625,0.7779296875,0.81494140625,0.819091796875,0.78291015625,True,True,True,True,0.4166666666666667,0.513888888888889,0.1666666666666666,0.0078125,384,512,6,16,32,512,3072,25447936,256,20000,20000,0.0001,0.0001,1156.3280217647552,6.059314727783203,1.9401678641637168,1.9017955462137857,0.4400989015897115,16.273472825686138,0.4534265225132306,0.8149287005265554,agnews_head_partition_control_F6_H16_D32_F6_seed617.csv
agnews_head_partition_control_F6,frozen_agnews_head_partition_control_F6,H16_D32,AG News,,sentence-transformers/all-MiniLM-L6-v2,6,618,0.60986328125,0.5318359375,0.594482421875,0.51337890625,0.594482421875,0.60986328125,0.5318359375,True,True,False,True,0.4166666666666667,0.513888888888889,0.1666666666666666,0.0078125,384,512,6,16,32,512,3072,25447936,256,20000,20000,0.0001,0.0001,1160.1996812820437,6.0514092445373535,1.2480770945549011,1.631828765074412,0.4790476709604263,8.73521363735199,0.901262362798055,0.6193700482447942,agnews_head_partition_control_F6_H16_D32_F6_seed618.csv
agnews_head_partition_control_F6,frozen_agnews_head_partition_control_F6,H16_D32,AG News,,sentence-transformers/all-MiniLM-L6-v2,6,619,0.93359375,0.9203125,0.937744140625,0.92529296875,0.937744140625,0.9345703125,0.921484375,True,True,True,True,0.4166666666666667,0.513888888888889,0.1666666666666666,0.0078125,384,512,6,16,32,512,3072,25447936,256,20000,20000,0.0001,0.0001,1156.1778903007507,3.92997670173645,1.5802441835403442,1.6935861706733704,0.4531467209259669,10.284772713979086,0.5273629575967789,0.7856092552344004,agnews_head_partition_control_F6_H16_D32_F6_seed619.csv
agnews_head_partition_control_F6,frozen_agnews_head_partition_control_F6,H8_D64,AG News,,sentence-transformers/all-MiniLM-L6-v2,6,500,0.944580078125,0.93349609375,0.940185546875,0.92822265625,0.940185546875,0.9453125,0.934375,True,True,True,True,0.4166666666666667,0.513888888888889,0.1666666666666666,0.0078125,384,512,6,8,64,512,3072,25447936,256,20000,20000,0.0001,0.0001,1162.792006731033,5.309515476226807,1.4295876423517864,1.63213715950648,0.4985366861025492,13.087321798006691,0.5397462000449499,0.7835615873336792,agnews_head_partition_control_F6_H8_D64_F6_seed500.csv
agnews_head_partition_control_F6,frozen_agnews_head_partition_control_F6,H8_D64,AG News,,sentence-transformers/all-MiniLM-L6-v2,6,501,0.9599609375,0.951953125,0.964111328125,0.95693359375,0.964111328125,0.9599609375,0.951953125,True,True,True,True,0.4166666666666667,0.513888888888889,0.1666666666666666,0.0078125,384,512,6,8,64,512,3072,25447936,256,20000,20000,0.0001,0.0001,1165.3306574821472,2.9848599433898926,1.4664052228132884,1.762973705927531,0.5038460940122604,12.659657875696816,0.3660037542382876,0.8559309343496958,agnews_head_partition_control_F6_H8_D64_F6_seed501.csv
agnews_head_partition_control_F6,frozen_agnews_head_partition_control_F6,H8_D64,AG News,,sentence-transformers/all-MiniLM-L6-v2,6,502,0.964111328125,0.95693359375,0.966064453125,0.95927734375,0.966064453125,0.9658203125,0.958984375,True,True,True,True,0.4166666666666667,0.513888888888889,0.1666666666666666,0.0078125,384,512,6,8,64,512,3072,25447936,256,20000,20000,0.0001,0.0001,1164.7425436973572,2.880794048309326,1.3449861506621044,1.6771509250005086,0.5099970450003942,11.979665915171305,0.5387576669454575,0.7671305735905966,agnews_head_partition_control_F6_H8_D64_F6_seed502.csv
agnews_head_partition_control_F6,frozen_agnews_head_partition_control_F6,H8_D64,AG News,,sentence-transformers/all-MiniLM-L6-v2,6,503,0.960693359375,0.95283203125,0.968505859375,0.96220703125,0.968505859375,0.961669921875,0.95400390625,True,True,True,True,0.4166666666666667,0.513888888888889,0.1666666666666666,0.0078125,384,512,6,8,64,512,3072,25447936,256,20000,20000,0.0001,0.0001,1164.5937118530271,7.356638431549072,1.3413820068041484,1.6074198484420776,0.5191663404305776,11.022805531819662,0.5031716028849283,0.7918326258659363,agnews_head_partition_control_F6_H8_D64_F6_seed503.csv
agnews_head_partition_control_F6,frozen_agnews_head_partition_control_F6,H8_D64,AG News,,sentence-transformers/all-MiniLM-L6-v2,6,504,0.711669921875,0.65400390625,0.72705078125,0.6724609375,0.72705078125,0.711669921875,0.65400390625,True,True,False,True,0.4166666666666667,0.513888888888889,0.1666666666666666,0.0078125,384,512,6,8,64,512,3072,25447936,256,20000,20000,0.0001,0.0001,1169.5455629825592,7.800175666809082,1.4610965152581532,1.4731743534406023,0.4535867621501286,11.640043179194132,0.6057921896378199,0.750193307797114,agnews_head_partition_control_F6_H8_D64_F6_seed504.csv
agnews_head_partition_control_F6,frozen_agnews_head_partition_control_F6,H8_D64,AG News,,sentence-transformers/all-MiniLM-L6-v2,6,505,0.16943359375,0.0033203125,0.16748046875,0.0009765625,0.16748046875,0.178466796875,0.01416015625,False,False,False,False,0.4166666666666667,0.513888888888889,0.1666666666666666,0.0078125,384,512,6,8,64,512,3072,25447936,256,20000,20000,0.0001,0.0001,1169.6188757419586,3.3418450355529785,1.0029133707284927,1.0082187553246815,0.3668017039696375,3.583915571371714,1.4449832836786909,0.3887978096803029,agnews_head_partition_control_F6_H8_D64_F6_seed505.csv
agnews_head_partition_control_F6,frozen_agnews_head_partition_control_F6,H8_D64,AG News,,sentence-transformers/all-MiniLM-L6-v2,6,506,0.74853515625,0.6982421875,0.74267578125,0.6912109375000001,0.74267578125,0.74853515625,0.6982421875,True,True,False,True,0.4166666666666667,0.513888888888889,0.1666666666666666,0.0078125,384,512,6,8,64,512,3072,25447936,256,20000,20000,0.0001,0.0001,1173.232557296753,9.160160064697266,1.4051802456378937,1.6661141117413838,0.5009217957655588,15.356140295664469,0.5814709663391113,0.7706972261269888,agnews_head_partition_control_F6_H8_D64_F6_seed506.csv
agnews_head_partition_control_F6,frozen_agnews_head_partition_control_F6,H8_D64,AG News,,sentence-transformers/all-MiniLM-L6-v2,6,507,0.97119140625,0.9654296875,0.974365234375,0.96923828125,0.974365234375,0.97119140625,0.9654296875,True,True,True,True,0.4166666666666667,0.513888888888889,0.1666666666666666,0.0078125,384,512,6,8,64,512,3072,25447936,256,20000,20000,0.0001,0.0001,1168.6942756175995,1.2054561376571655,1.1105220317840576,1.5652260482311249,0.5172516604264578,8.253164132436117,0.6201812326908112,0.7405330638090769,agnews_head_partition_control_F6_H8_D64_F6_seed507.csv
agnews_head_partition_control_F6,frozen_agnews_head_partition_control_F6,H8_D64,AG News,,sentence-transformers/all-MiniLM-L6-v2,6,508,0.380859375,0.25703125,0.37451171875,0.2494140625,0.37451171875,0.380859375,0.25703125,False,False,False,False,0.4166666666666667,0.513888888888889,0.1666666666666666,0.0078125,384,512,6,8,64,512,3072,25447936,256,20000,20000,0.0001,0.0001,1171.9425871372223,5.333108901977539,1.4163479159275691,1.4825213154157002,0.558704694112142,8.279072980086008,1.1234304706255596,0.5291423996289571,agnews_head_partition_control_F6_H8_D64_F6_seed508.csv
agnews_head_partition_control_F6,frozen_agnews_head_partition_control_F6,H8_D64,AG News,,sentence-transformers/all-MiniLM-L6-v2,6,509,0.162109375,-0.0054687499999999,0.157958984375,-0.0104492187499999,0.157958984375,0.176025390625,0.01123046875,False,False,False,False,0.4166666666666667,0.513888888888889,0.1666666666666666,0.0078125,384,512,6,8,64,512,3072,25447936,256,20000,20000,0.0001,0.0001,1171.7381818294523,3.2781848907470703,0.7150284598271052,0.9387191981077194,0.362984299659729,2.7041499316692352,1.5267643332481384,0.3376664270957311,agnews_head_partition_control_F6_H8_D64_F6_seed509.csv
agnews_head_partition_control_F6,frozen_agnews_head_partition_control_F6,H8_D64,AG News,,sentence-transformers/all-MiniLM-L6-v2,6,510,0.16748046875,0.0009765625,0.162109375,-0.0054687499999999,0.162109375,0.172607421875,0.00712890625,False,False,False,False,0.4166666666666667,0.513888888888889,0.1666666666666666,0.0078125,384,512,6,8,64,512,3072,25447936,256,20000,20000,0.0001,0.0001,1172.9878392219543,3.4396843910217285,0.8062478055556616,0.9631471037864684,0.3672736336787541,2.71357336640358,1.5184167822202046,0.3373407125473022,agnews_head_partition_control_F6_H8_D64_F6_seed510.csv
agnews_head_partition_control_F6,frozen_agnews_head_partition_control_F6,H8_D64,AG News,,sentence-transformers/all-MiniLM-L6-v2,6,511,0.8037109375,0.764453125,0.800048828125,0.76005859375,0.800048828125,0.8037109375,0.764453125,True,True,True,True,0.4166666666666667,0.513888888888889,0.1666666666666666,0.0078125,384,512,6,8,64,512,3072,25447936,256,20000,20000,0.0001,0.0001,1169.1762795448303,5.942773818969727,1.476798236370087,1.7706120610237122,0.4812014400959015,17.266225655873615,0.4082577029863993,0.8369769255320231,agnews_head_partition_control_F6_H8_D64_F6_seed511.csv
agnews_head_partition_control_F6,frozen_agnews_head_partition_control_F6,H8_D64,AG News,,sentence-transformers/all-MiniLM-L6-v2,6,512,0.159423828125,-0.0086914062499999,0.169189453125,0.00302734375,0.169189453125,0.17138671875,0.0056640625,False,False,False,False,0.4166666666666667,0.513888888888889,0.1666666666666666,0.0078125,384,512,6,8,64,512,3072,25447936,256,20000,20000,0.0001,0.0001,1175.675344467163,3.2395150661468506,0.6282826811075211,1.0222471257050831,0.337234874566396,2.1995780716339746,1.6105809807777405,0.3017577777306239,agnews_head_partition_control_F6_H8_D64_F6_seed512.csv
agnews_head_partition_control_F6,frozen_agnews_head_partition_control_F6,H8_D64,AG News,,sentence-transformers/all-MiniLM-L6-v2,6,513,0.169677734375,0.00361328125,0.164794921875,-0.0022460937499999,0.164794921875,0.175048828125,0.01005859375,False,False,False,False,0.4166666666666667,0.513888888888889,0.1666666666666666,0.0078125,384,512,6,8,64,512,3072,25447936,256,20000,20000,0.0001,0.0001,1171.8649678230286,3.453389883041382,0.6720251142978668,0.9675746113061904,0.3543752705057462,2.652876844008764,1.4943950573603313,0.348637913664182,agnews_head_partition_control_F6_H8_D64_F6_seed513.csv
agnews_head_partition_control_F6,frozen_agnews_head_partition_control_F6,H8_D64,AG News,,sentence-transformers/all-MiniLM-L6-v2,6,514,0.962158203125,0.95458984375,0.95947265625,0.9513671875,0.95947265625,0.962158203125,0.95458984375,True,True,True,True,0.4166666666666667,0.513888888888889,0.1666666666666666,0.0078125,384,512,6,8,64,512,3072,25447936,256,20000,20000,0.0001,0.0001,1169.6272971630096,6.289460182189941,1.376276175181071,1.6657354831695557,0.5176675021648407,12.990004618962606,0.5023933996756872,0.7983697056770325,agnews_head_partition_control_F6_H8_D64_F6_seed514.csv
agnews_head_partition_control_F6,frozen_agnews_head_partition_control_F6,H8_D64,AG News,,sentence-transformers/all-MiniLM-L6-v2,6,515,0.95703125,0.9484375,0.956787109375,0.94814453125,0.956787109375,0.95703125,0.9484375,True,True,True,True,0.4166666666666667,0.513888888888889,0.1666666666666666,0.0078125,384,512,6,8,64,512,3072,25447936,256,20000,20000,0.0001,0.0001,1170.072448015213,5.391084671020508,1.3372957110404968,1.7213210463523865,0.4992488125960032,12.546346267064411,0.4238558933138847,0.83012855052948,agnews_head_partition_control_F6_H8_D64_F6_seed515.csv
agnews_head_partition_control_F6,frozen_agnews_head_partition_control_F6,H8_D64,AG News,,sentence-transformers/all-MiniLM-L6-v2,6,516,0.9619140625,0.954296875,0.962890625,0.95546875,0.962890625,0.96240234375,0.9548828125,True,True,True,True,0.4166666666666667,0.513888888888889,0.1666666666666666,0.0078125,384,512,6,8,64,512,3072,25447936,256,20000,20000,0.0001,0.0001,1172.271509885788,5.566577434539795,1.5002973477045696,1.715668300787608,0.5065406908591589,13.964600086212158,0.3737470358610153,0.8516948421796163,agnews_head_partition_control_F6_H8_D64_F6_seed516.csv
agnews_head_partition_control_F6,frozen_agnews_head_partition_control_F6,H8_D64,AG News,,sentence-transformers/all-MiniLM-L6-v2,6,517,0.95849609375,0.9501953125,0.963134765625,0.95576171875,0.963134765625,0.9599609375,0.951953125,True,True,True,True,0.4166666666666667,0.513888888888889,0.1666666666666666,0.0078125,384,512,6,8,64,512,3072,25447936,256,20000,20000,0.0001,0.0001,1173.4251465797424,3.06418776512146,1.516828457514445,1.751666267712911,0.5242539246877035,14.622353633244831,0.5764708866675695,0.7597447236378988,agnews_head_partition_control_F6_H8_D64_F6_seed517.csv
agnews_head_partition_control_F6,frozen_agnews_head_partition_control_F6,H8_D64,AG News,,sentence-transformers/all-MiniLM-L6-v2,6,518,0.97509765625,0.9701171875,0.974609375,0.96953125,0.974609375,0.97509765625,0.9701171875,True,True,True,True,0.4166666666666667,0.513888888888889,0.1666666666666666,0.0078125,384,512,6,8,64,512,3072,25447936,256,20000,20000,0.0001,0.0001,1161.770324468613,3.631340742111206,1.3852000037829082,1.4732309381167097,0.5215920160214106,9.39060111840566,0.5903822034597397,0.7455433309078217,agnews_head_partition_control_F6_H8_D64_F6_seed518.csv
agnews_head_partition_control_F6,frozen_agnews_head_partition_control_F6,H8_D64,AG News,,sentence-transformers/all-MiniLM-L6-v2,6,519,0.877197265625,0.85263671875,0.875732421875,0.85087890625,0.875732421875,0.877197265625,0.85263671875,True,True,True,True,0.4166666666666667,0.513888888888889,0.1666666666666666,0.0078125,384,512,6,8,64,512,3072,25447936,256,20000,20000,0.0001,0.0001,1155.4188468456268,8.243204116821289,1.2050864895184834,1.5336867769559224,0.5516307403643926,9.679153998692833,0.6587540507316589,0.7019608418146769,agnews_head_partition_control_F6_H8_D64_F6_seed519.csv
agnews_head_partition_control_F6,frozen_agnews_head_partition_control_F6,H8_D64,AG News,,sentence-transformers/all-MiniLM-L6-v2,6,520,0.804931640625,0.76591796875,0.810546875,0.77265625,0.810546875,0.804931640625,0.76591796875,True,True,True,True,0.4166666666666667,0.513888888888889,0.1666666666666666,0.0078125,384,512,6,8,64,512,3072,25447936,256,20000,20000,0.0001,0.0001,1158.103698968887,8.336420059204102,1.4293823142846425,1.6255932052930195,0.5132149308919907,13.913143396377563,0.5398168365160624,0.7818071444829305,agnews_head_partition_control_F6_H8_D64_F6_seed520.csv
agnews_head_partition_control_F6,frozen_agnews_head_partition_control_F6,H8_D64,AG News,,sentence-transformers/all-MiniLM-L6-v2,6,521,0.16943359375,0.0033203125,0.1650390625,-0.0019531249999999,0.1650390625,0.1748046875,0.009765625,False,False,False,False,0.4166666666666667,0.513888888888889,0.1666666666666666,0.0078125,384,512,6,8,64,512,3072,25447936,256,20000,20000,0.0001,0.0001,1160.0221993923187,3.346604824066162,0.7241846174001694,1.040620505809784,0.3760022471348445,3.0258597234884896,1.4342826803525288,0.3732943932215373,agnews_head_partition_control_F6_H8_D64_F6_seed521.csv
agnews_head_partition_control_F6,frozen_agnews_head_partition_control_F6,H8_D64,AG News,,sentence-transformers/all-MiniLM-L6-v2,6,522,0.985107421875,0.98212890625,0.98876953125,0.9865234375,0.98876953125,0.985107421875,0.98212890625,True,True,True,True,0.4166666666666667,0.513888888888889,0.1666666666666666,0.0078125,384,512,6,8,64,512,3072,25447936,256,20000,20000,0.0001,0.0001,1151.8707151412964,1.7619032859802246,1.2095759610335033,1.5955907106399536,0.5489559868971506,8.730355302492777,0.6694705883661906,0.7261189222335815,agnews_head_partition_control_F6_H8_D64_F6_seed522.csv
agnews_head_partition_control_F6,frozen_agnews_head_partition_control_F6,H8_D64,AG News,,sentence-transformers/all-MiniLM-L6-v2,6,523,0.92333984375,0.9080078125,0.924072265625,0.90888671875,0.924072265625,0.92333984375,0.9080078125,True,True,True,True,0.4166666666666667,0.513888888888889,0.1666666666666666,0.0078125,384,512,6,8,64,512,3072,25447936,256,20000,20000,0.0001,0.0001,1153.3619651794434,4.41641092300415,1.4453239838282268,1.7372637391090393,0.5104897518952688,14.89750067392985,0.5626326203346252,0.759178876876831,agnews_head_partition_control_F6_H8_D64_F6_seed523.csv
agnews_head_partition_control_F6,frozen_agnews_head_partition_control_F6,H8_D64,AG News,,sentence-transformers/all-MiniLM-L6-v2,6,524,0.94921875,0.9390625,0.954345703125,0.94521484375,0.954345703125,0.94921875,0.9390625,True,True,True,True,0.4166666666666667,0.513888888888889,0.1666666666666666,0.0078125,384,512,6,8,64,512,3072,25447936,256,20000,20000,0.0001,0.0001,1153.035626411438,3.011472463607788,1.3347562452157338,1.5096540848414104,0.5401216248671213,10.933627168337503,0.5821289569139481,0.7496165533860525,agnews_head_partition_control_F6_H8_D64_F6_seed524.csv
agnews_head_partition_control_F6,frozen_agnews_head_partition_control_F6,H8_D64,AG News,,sentence-transformers/all-MiniLM-L6-v2,6,525,0.964111328125,0.95693359375,0.96728515625,0.9607421875,0.96728515625,0.96484375,0.9578125,True,True,True,True,0.4166666666666667,0.513888888888889,0.1666666666666666,0.0078125,384,512,6,8,64,512,3072,25447936,256,20000,20000,0.0001,0.0001,1155.932513713837,4.152482032775879,1.2968328495820365,1.7126608490943909,0.505225216348966,11.548887968063354,0.6556595861911774,0.7194609940052032,agnews_head_partition_control_F6_H8_D64_F6_seed525.csv
agnews_head_partition_control_F6,frozen_agnews_head_partition_control_F6,H8_D64,AG News,,sentence-transformers/all-MiniLM-L6-v2,6,526,0.947509765625,0.93701171875,0.950927734375,0.94111328125,0.950927734375,0.947509765625,0.93701171875,True,True,True,True,0.4166666666666667,0.513888888888889,0.1666666666666666,0.0078125,384,512,6,8,64,512,3072,25447936,256,20000,20000,0.0001,0.0001,1156.548096895218,8.21816349029541,1.392685482899348,1.6313526233037312,0.5173449565966924,11.987041672070822,0.4518047521511714,0.8204188644886017,agnews_head_partition_control_F6_H8_D64_F6_seed526.csv
agnews_head_partition_control_F6,frozen_agnews_head_partition_control_F6,H8_D64,AG News,,sentence-transformers/all-MiniLM-L6-v2,6,527,0.986328125,0.98359375,0.988037109375,0.98564453125,0.988037109375,0.986572265625,0.98388671875,True,True,True,True,0.4166666666666667,0.513888888888889,0.1666666666666666,0.0078125,384,512,6,8,64,512,3072,25447936,256,20000,20000,0.0001,0.0001,1161.8110358715055,2.239748477935791,1.158913721640905,1.4235129753748577,0.533985048532486,7.369578083356221,0.6128527522087097,0.7524926364421844,agnews_head_partition_control_F6_H8_D64_F6_seed527.csv
agnews_head_partition_control_F6,frozen_agnews_head_partition_control_F6,H8_D64,AG News,,sentence-transformers/all-MiniLM-L6-v2,6,528,0.614013671875,0.53681640625,0.60498046875,0.5259765625,0.60498046875,0.618896484375,0.54267578125,True,True,False,True,0.4166666666666667,0.513888888888889,0.1666666666666666,0.0078125,384,512,6,8,64,512,3072,25447936,256,20000,20000,0.0001,0.0001,1163.4780921936035,5.411984443664551,1.5870899458726246,1.617337663968404,0.4794687827428182,16.41876248518626,0.5915038138628006,0.7559545040130615,agnews_head_partition_control_F6_H8_D64_F6_seed528.csv
agnews_head_partition_control_F6,frozen_agnews_head_partition_control_F6,H8_D64,AG News,,sentence-transformers/all-MiniLM-L6-v2,6,529,0.236083984375,0.08330078125,0.248046875,0.09765625,0.248046875,0.244873046875,0.09384765625,False,False,False,False,0.4166666666666667,0.513888888888889,0.1666666666666666,0.0078125,384,512,6,8,64,512,3072,25447936,256,20000,20000,0.0001,0.0001,1157.791387796402,3.616105079650879,1.527164066831271,1.3078334430853529,0.4170411825180053,9.647513588269552,1.0126072267691295,0.580710435907046,agnews_head_partition_control_F6_H8_D64_F6_seed529.csv
agnews_head_partition_control_F6,frozen_agnews_head_partition_control_F6,H8_D64,AG News,,sentence-transformers/all-MiniLM-L6-v2,6,530,0.947998046875,0.93759765625,0.94873046875,0.9384765625,0.94873046875,0.947998046875,0.93759765625,True,True,True,True,0.4166666666666667,0.513888888888889,0.1666666666666666,0.0078125,384,512,6,8,64,512,3072,25447936,256,20000,20000,0.0001,0.0001,1156.4433064460754,5.331153869628906,1.3184079825878143,1.6220123569170637,0.5219714095195135,12.269075910250343,0.4946036686499913,0.8051660259564718,agnews_head_partition_control_F6_H8_D64_F6_seed530.csv
agnews_head_partition_control_F6,frozen_agnews_head_partition_control_F6,H8_D64,AG News,,sentence-transformers/all-MiniLM-L6-v2,6,531,0.830078125,0.79609375,0.838134765625,0.80576171875,0.838134765625,0.830078125,0.79609375,True,True,True,True,0.4166666666666667,0.513888888888889,0.1666666666666666,0.0078125,384,512,6,8,64,512,3072,25447936,256,20000,20000,0.0001,0.0001,1154.393673658371,7.809245586395264,1.6378974417845409,1.823609948158264,0.5049980531136194,19.05463802814484,0.4254269003868103,0.8277406394481659,agnews_head_partition_control_F6_H8_D64_F6_seed531.csv
agnews_head_partition_control_F6,frozen_agnews_head_partition_control_F6,H8_D64,AG News,,sentence-transformers/all-MiniLM-L6-v2,6,532,0.962646484375,0.95517578125,0.9658203125,0.958984375,0.9658203125,0.962646484375,0.95517578125,True,True,True,True,0.4166666666666667,0.513888888888889,0.1666666666666666,0.0078125,384,512,6,8,64,512,3072,25447936,256,20000,20000,0.0001,0.0001,1157.5856249332428,4.265893936157227,1.3003633717695873,1.6303488214810689,0.5058297415574392,11.189709583918251,0.548028419415156,0.7667976319789886,agnews_head_partition_control_F6_H8_D64_F6_seed532.csv
agnews_head_partition_control_F6,frozen_agnews_head_partition_control_F6,H8_D64,AG News,,sentence-transformers/all-MiniLM-L6-v2,6,533,0.240966796875,0.08916015625,0.25390625,0.1046875,0.25390625,0.244873046875,0.09384765625,False,False,False,False,0.4166666666666667,0.513888888888889,0.1666666666666666,0.0078125,384,512,6,8,64,512,3072,25447936,256,20000,20000,0.0001,0.0001,1156.8916954994202,3.448151111602783,1.464967628320058,1.24308779835701,0.4385212163130442,8.229094207286835,1.173532207806905,0.5156318843364716,agnews_head_partition_control_F6_H8_D64_F6_seed533.csv
agnews_head_partition_control_F6,frozen_agnews_head_partition_control_F6,H8_D64,AG News,,sentence-transformers/all-MiniLM-L6-v2,6,534,0.955078125,0.94609375,0.965576171875,0.95869140625,0.965576171875,0.956787109375,0.94814453125,True,True,True,True,0.4166666666666667,0.513888888888889,0.1666666666666666,0.0078125,384,512,6,8,64,512,3072,25447936,256,20000,20000,0.0001,0.0001,1157.288906097412,7.929276466369629,1.344255308310191,1.545271396636963,0.526946634054184,10.300589601198832,0.4717505474885304,0.8134805659453074,agnews_head_partition_control_F6_H8_D64_F6_seed534.csv
agnews_head_partition_control_F6,frozen_agnews_head_partition_control_F6,H8_D64,AG News,,sentence-transformers/all-MiniLM-L6-v2,6,535,0.17578125,0.0109375,0.183837890625,0.02060546875,0.183837890625,0.17578125,0.0109375,False,False,False,False,0.4166666666666667,0.513888888888889,0.1666666666666666,0.0078125,384,512,6,8,64,512,3072,25447936,256,20000,20000,0.0001,0.0001,1164.4501152038574,3.3596715927124023,1.231840044260025,1.0681236883004506,0.3817542617519696,6.228522519270579,1.2881450255711873,0.458982507387797,agnews_head_partition_control_F6_H8_D64_F6_seed535.csv
agnews_head_partition_control_F6,frozen_agnews_head_partition_control_F6,H8_D64,AG News,,sentence-transformers/all-MiniLM-L6-v2,6,536,0.854248046875,0.82509765625,0.865478515625,0.83857421875,0.865478515625,0.854248046875,0.82509765625,True,True,True,True,0.4166666666666667,0.513888888888889,0.1666666666666666,0.0078125,384,512,6,8,64,512,3072,25447936,256,20000,20000,0.0001,0.0001,1200.0223245620728,5.2389349937438965,1.574563354253769,1.8977893590927124,0.4839582641919454,20.270519574483234,0.5950364917516708,0.7502639393011729,agnews_head_partition_control_F6_H8_D64_F6_seed536.csv
agnews_head_partition_control_F6,frozen_agnews_head_partition_control_F6,H8_D64,AG News,,sentence-transformers/all-MiniLM-L6-v2,6,537,0.168701171875,0.00244140625,0.177001953125,0.01240234375,0.177001953125,0.181396484375,0.01767578125,False,False,False,False,0.4166666666666667,0.513888888888889,0.1666666666666666,0.0078125,384,512,6,8,64,512,3072,25447936,256,20000,20000,0.0001,0.0001,1201.6047122478485,3.420114755630493,0.6481548696756363,0.9817100564638772,0.3497319916884104,2.6140350997447968,1.566938817501068,0.323486328125,agnews_head_partition_control_F6_H8_D64_F6_seed537.csv
agnews_head_partition_control_F6,frozen_agnews_head_partition_control_F6,H8_D64,AG News,,sentence-transformers/all-MiniLM-L6-v2,6,538,0.168212890625,0.00185546875,0.1630859375,-0.0042968749999999,0.1630859375,0.177001953125,0.01240234375,False,False,False,False,0.4166666666666667,0.513888888888889,0.1666666666666666,0.0078125,384,512,6,8,64,512,3072,25447936,256,20000,20000,0.0001,0.0001,1203.8204307556152,3.350570678710937,0.6968191862106323,1.0215642750263214,0.3668129717310269,3.084585160017013,1.4933196902275083,0.3507552991310755,agnews_head_partition_control_F6_H8_D64_F6_seed538.csv
agnews_head_partition_control_F6,frozen_agnews_head_partition_control_F6,H8_D64,AG News,,sentence-transformers/all-MiniLM-L6-v2,6,539,0.1689453125,0.002734375,0.17236328125,0.0068359375,0.17236328125,0.171630859375,0.00595703125,False,False,False,False,0.4166666666666667,0.513888888888889,0.1666666666666666,0.0078125,384,512,6,8,64,512,3072,25447936,256,20000,20000,0.0001,0.0001,1202.8976318836212,3.315955400466919,0.800522193312645,1.0737578223148982,0.3712267180283864,4.229802916447322,1.408855418364207,0.3904360781113307,agnews_head_partition_control_F6_H8_D64_F6_seed539.csv
agnews_head_partition_control_F6,frozen_agnews_head_partition_control_F6,H8_D64,AG News,,sentence-transformers/all-MiniLM-L6-v2,6,540,0.95556640625,0.9466796875,0.96826171875,0.9619140625,0.96826171875,0.956787109375,0.94814453125,True,True,True,True,0.4166666666666667,0.513888888888889,0.1666666666666666,0.0078125,384,512,6,8,64,512,3072,25447936,256,20000,20000,0.0001,0.0001,1197.126680850983,2.374494791030884,1.3665058612823486,1.63967361052831,0.5301791330178579,12.470659891764322,0.5546571314334869,0.7708088854948679,agnews_head_partition_control_F6_H8_D64_F6_seed540.csv
agnews_head_partition_control_F6,frozen_agnews_head_partition_control_F6,H8_D64,AG News,,sentence-transformers/all-MiniLM-L6-v2,6,541,0.765869140625,0.7190429687500001,0.7646484375,0.7175781250000001,0.7646484375,0.765869140625,0.7190429687500001,True,True,False,True,0.4166666666666667,0.513888888888889,0.1666666666666666,0.0078125,384,512,6,8,64,512,3072,25447936,256,20000,20000,0.0001,0.0001,1199.8389110565186,7.455380916595459,1.4221143027146657,1.744813402493795,0.4991201758384704,15.490943511327108,0.5373501181602478,0.7799105048179626,agnews_head_partition_control_F6_H8_D64_F6_seed541.csv
agnews_head_partition_control_F6,frozen_agnews_head_partition_control_F6,H8_D64,AG News,,sentence-transformers/all-MiniLM-L6-v2,6,542,0.173095703125,0.00771484375,0.1669921875,0.000390625,0.1669921875,0.1748046875,0.009765625,False,False,False,False,0.4166666666666667,0.513888888888889,0.1666666666666666,0.0078125,384,512,6,8,64,512,3072,25447936,256,20000,20000,0.0001,0.0001,1201.6736521720886,3.152096748352051,0.6507837424675623,0.9735322445631028,0.3441472227374713,2.1785190105438232,1.600619872411092,0.3090532720088959,agnews_head_partition_control_F6_H8_D64_F6_seed542.csv
agnews_head_partition_control_F6,frozen_agnews_head_partition_control_F6,H8_D64,AG News,,sentence-transformers/all-MiniLM-L6-v2,6,543,0.244384765625,0.09326171875,0.23681640625,0.0841796875,0.23681640625,0.24755859375,0.0970703125,False,False,False,False,0.4166666666666667,0.513888888888889,0.1666666666666666,0.0078125,384,512,6,8,64,512,3072,25447936,256,20000,20000,0.0001,0.0001,1202.6732437610626,3.443976402282715,1.4387889752785366,1.3116082946459453,0.4195023775100708,9.964066525300344,1.020915408929189,0.5672563960154852,agnews_head_partition_control_F6_H8_D64_F6_seed543.csv
agnews_head_partition_control_F6,frozen_agnews_head_partition_control_F6,H8_D64,AG News,,sentence-transformers/all-MiniLM-L6-v2,6,544,0.85205078125,0.8224609375,0.860107421875,0.83212890625,0.860107421875,0.852294921875,0.82275390625,True,True,True,True,0.4166666666666667,0.513888888888889,0.1666666666666666,0.0078125,384,512,6,8,64,512,3072,25447936,256,20000,20000,0.0001,0.0001,1196.0485796928406,12.339374542236328,1.8795407315095265,1.8515545725822449,0.4955796897411346,20.09713915983836,0.4038142214218775,0.8342238366603851,agnews_head_partition_control_F6_H8_D64_F6_seed544.csv
agnews_head_partition_control_F6,frozen_agnews_head_partition_control_F6,H8_D64,AG News,,sentence-transformers/all-MiniLM-L6-v2,6,545,0.554931640625,0.46591796875,0.578857421875,0.49462890625,0.578857421875,0.554931640625,0.46591796875,True,True,False,True,0.4166666666666667,0.513888888888889,0.1666666666666666,0.0078125,384,512,6,8,64,512,3072,25447936,256,20000,20000,0.0001,0.0001,1201.6442952156067,5.368829727172852,1.3926360209782918,1.517362912495931,0.4966180920600891,12.472877105077108,0.5859003762404124,0.7671796977519989,agnews_head_partition_control_F6_H8_D64_F6_seed545.csv
agnews_head_partition_control_F6,frozen_agnews_head_partition_control_F6,H8_D64,AG News,,sentence-transformers/all-MiniLM-L6-v2,6,546,0.957275390625,0.94873046875,0.96484375,0.9578125,0.96484375,0.957275390625,0.94873046875,True,True,True,True,0.4166666666666667,0.513888888888889,0.1666666666666666,0.0078125,384,512,6,8,64,512,3072,25447936,256,20000,20000,0.0001,0.0001,1196.0599162578585,5.407326698303223,1.4821504354476929,1.7178682883580525,0.5126313418149948,13.755523165067038,0.4582359443108241,0.8129372596740723,agnews_head_partition_control_F6_H8_D64_F6_seed546.csv
agnews_head_partition_control_F6,frozen_agnews_head_partition_control_F6,H8_D64,AG News,,sentence-transformers/all-MiniLM-L6-v2,6,547,0.194580078125,0.03349609375,0.19189453125,0.0302734375,0.19189453125,0.196044921875,0.03525390625,False,False,False,False,0.4166666666666667,0.513888888888889,0.1666666666666666,0.0078125,384,512,6,8,64,512,3072,25447936,256,20000,20000,0.0001,0.0001,1201.3711183071136,3.272677421569824,1.3679207960764568,1.1411344011624651,0.3854508399963379,6.314454058806102,1.25538835922877,0.4707502275705337,agnews_head_partition_control_F6_H8_D64_F6_seed547.csv
agnews_head_partition_control_F6,frozen_agnews_head_partition_control_F6,H8_D64,AG News,,sentence-transformers/all-MiniLM-L6-v2,6,548,0.162109375,-0.0054687499999999,0.160888671875,-0.0069335937499999,0.160888671875,0.1748046875,0.009765625,False,False,False,False,0.4166666666666667,0.513888888888889,0.1666666666666666,0.0078125,384,512,6,8,64,512,3072,25447936,256,20000,20000,0.0001,0.0001,1201.720638513565,3.37316632270813,0.7567396859327952,0.9673623740673064,0.3544502630829811,2.74225855867068,1.5472574631373088,0.3294175863265991,agnews_head_partition_control_F6_H8_D64_F6_seed548.csv
agnews_head_partition_control_F6,frozen_agnews_head_partition_control_F6,H8_D64,AG News,,sentence-transformers/all-MiniLM-L6-v2,6,549,0.826904296875,0.79228515625,0.838134765625,0.80576171875,0.838134765625,0.826904296875,0.79228515625,True,True,True,True,0.4166666666666667,0.513888888888889,0.1666666666666666,0.0078125,384,512,6,8,64,512,3072,25447936,256,20000,20000,0.0001,0.0001,1198.355492353439,4.543386459350586,1.569215963284175,1.7284954190254211,0.511327306429545,16.642027338345844,0.4087534273664157,0.837783137957255,agnews_head_partition_control_F6_H8_D64_F6_seed549.csv
agnews_head_partition_control_F6,frozen_agnews_head_partition_control_F6,H8_D64,AG News,,sentence-transformers/all-MiniLM-L6-v2,6,550,0.49560546875,0.3947265625,0.508544921875,0.41025390625,0.508544921875,0.49658203125,0.3958984375,False,False,False,False,0.4166666666666667,0.513888888888889,0.1666666666666666,0.0078125,384,512,6,8,64,512,3072,25447936,256,20000,20000,0.0001,0.0001,1203.639049768448,4.803869247436523,1.5959782898426056,1.5758341550827026,0.4600961109002431,15.528854767481484,0.5750660200913748,0.7719148000081381,agnews_head_partition_control_F6_H8_D64_F6_seed550.csv
agnews_head_partition_control_F6,frozen_agnews_head_partition_control_F6,H8_D64,AG News,,sentence-transformers/all-MiniLM-L6-v2,6,551,0.60498046875,0.5259765625,0.59912109375,0.5189453125,0.59912109375,0.605224609375,0.52626953125,True,True,False,True,0.4166666666666667,0.513888888888889,0.1666666666666666,0.0078125,384,512,6,8,64,512,3072,25447936,256,20000,20000,0.0001,0.0001,1198.6658000946045,4.814338684082031,1.5952869653701782,1.6455563306808472,0.4647951076428095,16.484136978785198,0.6048490852117538,0.7510430216789246,agnews_head_partition_control_F6_H8_D64_F6_seed551.csv
agnews_head_partition_control_F6,frozen_agnews_head_partition_control_F6,H8_D64,AG News,,sentence-transformers/all-MiniLM-L6-v2,6,552,0.176025390625,0.01123046875,0.174560546875,0.00947265625,0.174560546875,0.177734375,0.01328125,False,False,False,False,0.4166666666666667,0.513888888888889,0.1666666666666666,0.0078125,384,512,6,8,64,512,3072,25447936,256,20000,20000,0.0001,0.0001,1205.159965276718,3.487527847290039,0.673734207948049,0.9580039034287134,0.3538127889235814,2.526789516210556,1.534180800120036,0.332861731449763,agnews_head_partition_control_F6_H8_D64_F6_seed552.csv
agnews_head_partition_control_F6,frozen_agnews_head_partition_control_F6,H8_D64,AG News,,sentence-transformers/all-MiniLM-L6-v2,6,553,0.964111328125,0.95693359375,0.96142578125,0.9537109375,0.96142578125,0.964111328125,0.95693359375,True,True,True,True,0.4166666666666667,0.513888888888889,0.1666666666666666,0.0078125,384,512,6,8,64,512,3072,25447936,256,20000,20000,0.0001,0.0001,1208.1342282295227,5.712374687194824,1.2902411818504331,1.513108213742574,0.5362225621938705,10.068923473358154,0.6163263767957687,0.7336044907569885,agnews_head_partition_control_F6_H8_D64_F6_seed553.csv
agnews_head_partition_control_F6,frozen_agnews_head_partition_control_F6,H8_D64,AG News,,sentence-transformers/all-MiniLM-L6-v2,6,554,0.2421875,0.090625,0.244140625,0.09296875,0.244140625,0.249755859375,0.09970703125,False,False,False,False,0.4166666666666667,0.513888888888889,0.1666666666666666,0.0078125,384,512,6,8,64,512,3072,25447936,256,20000,20000,0.0001,0.0001,1211.2027263641355,3.5212090015411377,1.638640413681666,1.3346255322297411,0.4177893996238708,10.10441674788793,1.0466634432474773,0.5744680166244507,agnews_head_partition_control_F6_H8_D64_F6_seed554.csv
agnews_head_partition_control_F6,frozen_agnews_head_partition_control_F6,H8_D64,AG News,,sentence-transformers/all-MiniLM-L6-v2,6,555,0.909912109375,0.89189453125,0.919677734375,0.90361328125,0.919677734375,0.909912109375,0.89189453125,True,True,True,True,0.4166666666666667,0.513888888888889,0.1666666666666666,0.0078125,384,512,6,8,64,512,3072,25447936,256,20000,20000,0.0001,0.0001,1208.6029505729675,9.89133358001709,1.3866601785024006,1.722308874130249,0.5182762145996094,15.155993223190308,0.5180791169404984,0.7862994273503622,agnews_head_partition_control_F6_H8_D64_F6_seed555.csv
agnews_head_partition_control_F6,frozen_agnews_head_partition_control_F6,H8_D64,AG News,,sentence-transformers/all-MiniLM-L6-v2,6,556,0.172119140625,0.00654296875,0.17236328125,0.0068359375,0.17236328125,0.178955078125,0.01474609375,False,False,False,False,0.4166666666666667,0.513888888888889,0.1666666666666666,0.0078125,384,512,6,8,64,512,3072,25447936,256,20000,20000,0.0001,0.0001,1215.8104162216189,3.369776964187622,0.6557072798411051,0.8989451477924982,0.3546855946381886,2.0978617866834006,1.568041165669759,0.3210386037826538,agnews_head_partition_control_F6_H8_D64_F6_seed556.csv
agnews_head_partition_control_F6,frozen_agnews_head_partition_control_F6,H8_D64,AG News,,sentence-transformers/all-MiniLM-L6-v2,6,557,0.267822265625,0.12138671875,0.277099609375,0.13251953125,0.277099609375,0.268310546875,0.12197265625,False,False,False,False,0.4166666666666667,0.513888888888889,0.1666666666666666,0.0078125,384,512,6,8,64,512,3072,25447936,256,20000,20000,0.0001,0.0001,1212.684158563614,3.821663618087769,1.4368024567763011,1.2611880898475647,0.4750641336043675,7.127865572770436,1.1893210411071775,0.5137463361024857,agnews_head_partition_control_F6_H8_D64_F6_seed557.csv
agnews_head_partition_control_F6,frozen_agnews_head_partition_control_F6,H8_D64,AG News,,sentence-transformers/all-MiniLM-L6-v2,6,558,0.837646484375,0.80517578125,0.8310546875,0.797265625,0.8310546875,0.837646484375,0.80517578125,True,True,True,True,0.4166666666666667,0.513888888888889,0.1666666666666666,0.0078125,384,512,6,8,64,512,3072,25447936,256,20000,20000,0.0001,0.0001,1207.3392841815948,4.4837188720703125,1.7654386659463246,1.8261207938194275,0.4661098172267278,20.40352515379588,0.5067796508471171,0.7880755762259165,agnews_head_partition_control_F6_H8_D64_F6_seed558.csv
agnews_head_partition_control_F6,frozen_agnews_head_partition_control_F6,H8_D64,AG News,,sentence-transformers/all-MiniLM-L6-v2,6,559,0.96337890625,0.9560546875,0.968017578125,0.96162109375,0.968017578125,0.96337890625,0.9560546875,True,True,True,True,0.4166666666666667,0.513888888888889,0.1666666666666666,0.0078125,384,512,6,8,64,512,3072,25447936,256,20000,20000,0.0001,0.0001,1205.20761179924,4.13500452041626,1.2433625757694244,1.6153525312741597,0.5418220559755961,10.572899460792542,0.5759935031334559,0.7678983708222707,agnews_head_partition_control_F6_H8_D64_F6_seed559.csv
agnews_head_partition_control_F6,frozen_agnews_head_partition_control_F6,H8_D64,AG News,,sentence-transformers/all-MiniLM-L6-v2,6,560,0.6865234375,0.6238281250000001,0.69091796875,0.6291015625,0.69091796875,0.6875,0.625,True,True,False,True,0.4166666666666667,0.513888888888889,0.1666666666666666,0.0078125,384,512,6,8,64,512,3072,25447936,256,20000,20000,0.0001,0.0001,1213.148588180542,5.779767036437988,1.414622724056244,1.6784740487734475,0.5056933065255483,14.626081983248392,0.5227125684420267,0.7838988304138184,agnews_head_partition_control_F6_H8_D64_F6_seed560.csv
agnews_head_partition_control_F6,frozen_agnews_head_partition_control_F6,H8_D64,AG News,,sentence-transformers/all-MiniLM-L6-v2,6,561,0.959716796875,0.95166015625,0.96484375,0.9578125,0.96484375,0.961181640625,0.95341796875,True,True,True,True,0.4166666666666667,0.513888888888889,0.1666666666666666,0.0078125,384,512,6,8,64,512,3072,25447936,256,20000,20000,0.0001,0.0001,1206.2407839298248,5.16595983505249,1.3999579747517903,1.7133536338806152,0.494755561153094,13.456496477127075,0.4676618874073028,0.8099735379219055,agnews_head_partition_control_F6_H8_D64_F6_seed561.csv
agnews_head_partition_control_F6,frozen_agnews_head_partition_control_F6,H8_D64,AG News,,sentence-transformers/all-MiniLM-L6-v2,6,562,0.769287109375,0.72314453125,0.768310546875,0.7219726562500001,0.768310546875,0.769287109375,0.72314453125,True,True,False,True,0.4166666666666667,0.513888888888889,0.1666666666666666,0.0078125,384,512,6,8,64,512,3072,25447936,256,20000,20000,0.0001,0.0001,1212.7813432216644,6.171937465667725,1.3855998913447063,1.5729303161303203,0.5051522602637609,14.028578559557596,0.4697028944889704,0.8177045583724976,agnews_head_partition_control_F6_H8_D64_F6_seed562.csv
agnews_head_partition_control_F6,frozen_agnews_head_partition_control_F6,H8_D64,AG News,,sentence-transformers/all-MiniLM-L6-v2,6,563,0.16845703125,0.0021484375,0.16796875,0.0015625,0.16796875,0.178466796875,0.01416015625,False,False,False,False,0.4166666666666667,0.513888888888889,0.1666666666666666,0.0078125,384,512,6,8,64,512,3072,25447936,256,20000,20000,0.0001,0.0001,1215.680764913559,3.5384202003479004,0.6915315439303716,0.992565244436264,0.3663562387228012,3.021930048863093,1.491566836833954,0.349982942144076,agnews_head_partition_control_F6_H8_D64_F6_seed563.csv
agnews_head_partition_control_F6,frozen_agnews_head_partition_control_F6,H8_D64,AG News,,sentence-transformers/all-MiniLM-L6-v2,6,564,0.962646484375,0.95517578125,0.96630859375,0.9595703125,0.96630859375,0.962646484375,0.95517578125,True,True,True,True,0.4166666666666667,0.513888888888889,0.1666666666666666,0.0078125,384,512,6,8,64,512,3072,25447936,256,20000,20000,0.0001,0.0001,1207.4648413658142,3.5853075981140137,1.2211671471595764,1.507872422536214,0.5348453521728516,9.56377931435903,0.626166378458341,0.741539885600408,agnews_head_partition_control_F6_H8_D64_F6_seed564.csv
agnews_head_partition_control_F6,frozen_agnews_head_partition_control_F6,H8_D64,AG News,,sentence-transformers/all-MiniLM-L6-v2,6,565,0.806640625,0.76796875,0.8154296875,0.778515625,0.8154296875,0.806640625,0.76796875,True,True,True,True,0.4166666666666667,0.513888888888889,0.1666666666666666,0.0078125,384,512,6,8,64,512,3072,25447936,256,20000,20000,0.0001,0.0001,1209.462307691574,5.730774402618408,1.7121619284152985,1.7306478420893352,0.4519217908382416,18.14865732192993,0.4987799674272537,0.7934026618798574,agnews_head_partition_control_F6_H8_D64_F6_seed565.csv
agnews_head_partition_control_F6,frozen_agnews_head_partition_control_F6,H8_D64,AG News,,sentence-transformers/all-MiniLM-L6-v2,6,566,0.944091796875,0.93291015625,0.94873046875,0.9384765625,0.94873046875,0.944091796875,0.93291015625,True,True,True,True,0.4166666666666667,0.513888888888889,0.1666666666666666,0.0078125,384,512,6,8,64,512,3072,25447936,256,20000,20000,0.0001,0.0001,1207.205969333649,3.846812009811402,1.4223906099796295,1.7690333326657612,0.5139143665631613,14.391790628433228,0.5814678221940994,0.7563521365324656,agnews_head_partition_control_F6_H8_D64_F6_seed566.csv
agnews_head_partition_control_F6,frozen_agnews_head_partition_control_F6,H8_D64,AG News,,sentence-transformers/all-MiniLM-L6-v2,6,567,0.958251953125,0.94990234375,0.95556640625,0.9466796875,0.95556640625,0.958740234375,0.95048828125,True,True,True,True,0.4166666666666667,0.513888888888889,0.1666666666666666,0.0078125,384,512,6,8,64,512,3072,25447936,256,20000,20000,0.0001,0.0001,1209.9323663711548,4.194340229034424,1.4694671034812927,1.6596612731615703,0.5105149944623312,13.423948129018148,0.477237269282341,0.8087034523487091,agnews_head_partition_control_F6_H8_D64_F6_seed567.csv
agnews_head_partition_control_F6,frozen_agnews_head_partition_control_F6,H8_D64,AG News,,sentence-transformers/all-MiniLM-L6-v2,6,568,0.789794921875,0.74775390625,0.79296875,0.7515625,0.79296875,0.79248046875,0.7509765625,True,True,False,True,0.4166666666666667,0.513888888888889,0.1666666666666666,0.0078125,384,512,6,8,64,512,3072,25447936,256,20000,20000,0.0001,0.0001,1210.4701778888702,7.070494174957275,1.6845209399859111,1.738338311513265,0.4920978744824727,17.74903893470764,0.4415478110313415,0.819868673880895,agnews_head_partition_control_F6_H8_D64_F6_seed568.csv
agnews_head_partition_control_F6,frozen_agnews_head_partition_control_F6,H8_D64,AG News,,sentence-transformers/all-MiniLM-L6-v2,6,569,0.98486328125,0.9818359375,0.98583984375,0.9830078125,0.98583984375,0.98486328125,0.9818359375,True,True,True,True,0.4166666666666667,0.513888888888889,0.1666666666666666,0.0078125,384,512,6,8,64,512,3072,25447936,256,20000,20000,0.0001,0.0001,1205.179668188095,2.5138580799102783,1.1873115797837577,1.5492330690224965,0.5284191966056824,7.589471181233724,0.6438237428665161,0.7353761394818624,agnews_head_partition_control_F6_H8_D64_F6_seed569.csv
agnews_head_partition_control_F6,frozen_agnews_head_partition_control_F6,H8_D64,AG News,,sentence-transformers/all-MiniLM-L6-v2,6,570,0.4296875,0.315625,0.446533203125,0.33583984375,0.446533203125,0.4296875,0.315625,False,False,False,False,0.4166666666666667,0.513888888888889,0.1666666666666666,0.0078125,384,512,6,8,64,512,3072,25447936,256,20000,20000,0.0001,0.0001,1216.5452523231506,6.004401683807373,1.371774648626645,1.1965535978476207,0.4727933208147685,8.983836710453033,0.7183647155761719,0.7166800846656164,agnews_head_partition_control_F6_H8_D64_F6_seed570.csv
agnews_head_partition_control_F6,frozen_agnews_head_partition_control_F6,H8_D64,AG News,,sentence-transformers/all-MiniLM-L6-v2,6,571,0.962890625,0.95546875,0.96630859375,0.9595703125,0.96630859375,0.96337890625,0.9560546875,True,True,True,True,0.4166666666666667,0.513888888888889,0.1666666666666666,0.0078125,384,512,6,8,64,512,3072,25447936,256,20000,20000,0.0001,0.0001,1206.652376413345,5.475144863128662,1.2487388849258425,1.6088762482007344,0.5348060180743536,10.564427495002748,0.5720894535382589,0.7677261630694071,agnews_head_partition_control_F6_H8_D64_F6_seed571.csv
agnews_head_partition_control_F6,frozen_agnews_head_partition_control_F6,H8_D64,AG News,,sentence-transformers/all-MiniLM-L6-v2,6,572,0.175537109375,0.01064453125,0.173828125,0.00859375,0.173828125,0.175537109375,0.01064453125,False,False,False,False,0.4166666666666667,0.513888888888889,0.1666666666666666,0.0078125,384,512,6,8,64,512,3072,25447936,256,20000,20000,0.0001,0.0001,1215.4785532951355,3.127835273742676,0.6262447337309519,0.9891218493382136,0.3293979441126187,2.074385866522789,1.6085130373636882,0.3030639737844467,agnews_head_partition_control_F6_H8_D64_F6_seed572.csv
agnews_head_partition_control_F6,frozen_agnews_head_partition_control_F6,H8_D64,AG News,,sentence-transformers/all-MiniLM-L6-v2,6,573,0.462158203125,0.35458984375,0.46337890625,0.3560546875,0.46337890625,0.462158203125,0.35458984375,False,False,False,False,0.4166666666666667,0.513888888888889,0.1666666666666666,0.0078125,384,512,6,8,64,512,3072,25447936,256,20000,20000,0.0001,0.0001,1213.5722289085388,7.616087913513184,1.4338755557934444,1.381472925345103,0.5490274777015051,9.7276837627093,0.9594073792298636,0.6110009253025055,agnews_head_partition_control_F6_H8_D64_F6_seed573.csv
agnews_head_partition_control_F6,frozen_agnews_head_partition_control_F6,H8_D64,AG News,,sentence-transformers/all-MiniLM-L6-v2,6,574,0.236572265625,0.08388671875,0.227294921875,0.07275390625,0.227294921875,0.23681640625,0.0841796875,False,False,False,False,0.4166666666666667,0.513888888888889,0.1666666666666666,0.0078125,384,512,6,8,64,512,3072,25447936,256,20000,20000,0.0001,0.0001,1214.566411972046,3.449396133422852,1.534566377600034,1.311923325061798,0.4091575394074122,10.00657751162847,1.0654984911282857,0.564240038394928,agnews_head_partition_control_F6_H8_D64_F6_seed574.csv
agnews_head_partition_control_F6,frozen_agnews_head_partition_control_F6,H8_D64,AG News,,sentence-transformers/all-MiniLM-L6-v2,6,575,0.96875,0.9625,0.96728515625,0.9607421875,0.96728515625,0.96923828125,0.9630859375,True,True,True,True,0.4166666666666667,0.513888888888889,0.1666666666666666,0.0078125,384,512,6,8,64,512,3072,25447936,256,20000,20000,0.0001,0.0001,1204.261578798294,2.534053087234497,1.144797792037328,1.6387411852677662,0.5039684673150381,9.292120536168415,0.5878523836533228,0.7585891087849935,agnews_head_partition_control_F6_H8_D64_F6_seed575.csv
agnews_head_partition_control_F6,frozen_agnews_head_partition_control_F6,H8_D64,AG News,,sentence-transformers/all-MiniLM-L6-v2,6,576,0.966064453125,0.95927734375,0.97021484375,0.9642578125,0.97021484375,0.96728515625,0.9607421875,True,True,True,True,0.4166666666666667,0.513888888888889,0.1666666666666666,0.0078125,384,512,6,8,64,512,3072,25447936,256,20000,20000,0.0001,0.0001,1203.841233253479,1.4964128732681274,1.187626709540685,1.7524109880129497,0.4927798211574554,10.46896747748057,0.6370655298233032,0.726053794225057,agnews_head_partition_control_F6_H8_D64_F6_seed576.csv
agnews_head_partition_control_F6,frozen_agnews_head_partition_control_F6,H8_D64,AG News,,sentence-transformers/all-MiniLM-L6-v2,6,577,0.956787109375,0.94814453125,0.959716796875,0.95166015625,0.959716796875,0.957763671875,0.94931640625,True,True,True,True,0.4166666666666667,0.513888888888889,0.1666666666666666,0.0078125,384,512,6,8,64,512,3072,25447936,256,20000,20000,0.0001,0.0001,1207.2762594223022,4.425965309143066,1.2975199123223622,1.5434095064798992,0.5630821188290914,10.335327704747518,0.6293699194987615,0.7268355886141459,agnews_head_partition_control_F6_H8_D64_F6_seed577.csv
agnews_head_partition_control_F6,frozen_agnews_head_partition_control_F6,H8_D64,AG News,,sentence-transformers/all-MiniLM-L6-v2,6,578,0.9638671875,0.956640625,0.963134765625,0.95576171875,0.963134765625,0.96484375,0.9578125,True,True,True,True,0.4166666666666667,0.513888888888889,0.1666666666666666,0.0078125,384,512,6,8,64,512,3072,25447936,256,20000,20000,0.0001,0.0001,1205.0676126480105,6.055710315704346,1.352773020664851,1.8127017418543496,0.5275051842133204,13.488035877545675,0.5224546392758688,0.7873537739117941,agnews_head_partition_control_F6_H8_D64_F6_seed578.csv
agnews_head_partition_control_F6,frozen_agnews_head_partition_control_F6,H8_D64,AG News,,sentence-transformers/all-MiniLM-L6-v2,6,579,0.966064453125,0.95927734375,0.96826171875,0.9619140625,0.96826171875,0.96630859375,0.9595703125,True,True,True,True,0.4166666666666667,0.513888888888889,0.1666666666666666,0.0078125,384,512,6,8,64,512,3072,25447936,256,20000,20000,0.0001,0.0001,1203.4496653079989,2.9700491428375244,1.3558355073134103,1.716885507106781,0.5214853684107462,12.921223958333334,0.5543771336476008,0.7674776713053385,agnews_head_partition_control_F6_H8_D64_F6_seed579.csv
agnews_head_partition_control_F6,frozen_agnews_head_partition_control_F6,H8_D64,AG News,,sentence-transformers/all-MiniLM-L6-v2,6,580,0.802734375,0.76328125,0.814453125,0.77734375,0.814453125,0.802734375,0.76328125,True,True,True,True,0.4166666666666667,0.513888888888889,0.1666666666666666,0.0078125,384,512,6,8,64,512,3072,25447936,256,20000,20000,0.0001,0.0001,1210.744253158569,6.250246047973633,1.372186928987503,1.6253867348035176,0.5090374449888865,13.192692478497824,0.5244119813044866,0.7896070182323456,agnews_head_partition_control_F6_H8_D64_F6_seed580.csv
agnews_head_partition_control_F6,frozen_agnews_head_partition_control_F6,H8_D64,AG News,,sentence-transformers/all-MiniLM-L6-v2,6,581,0.177001953125,0.01240234375,0.155517578125,-0.0133789062499999,0.155517578125,0.177001953125,0.01240234375,False,False,False,False,0.4166666666666667,0.513888888888889,0.1666666666666666,0.0078125,384,512,6,8,64,512,3072,25447936,256,20000,20000,0.0001,0.0001,1214.6310675144196,3.204308032989502,0.750197504957517,1.0532885442177455,0.356841320792834,3.500490685304006,1.4778408606847129,0.3569583296775818,agnews_head_partition_control_F6_H8_D64_F6_seed581.csv
agnews_head_partition_control_F6,frozen_agnews_head_partition_control_F6,H8_D64,AG News,,sentence-transformers/all-MiniLM-L6-v2,6,582,0.316650390625,0.17998046875,0.312255859375,0.17470703125,0.312255859375,0.316650390625,0.17998046875,False,False,False,False,0.4166666666666667,0.513888888888889,0.1666666666666666,0.0078125,384,512,6,8,64,512,3072,25447936,256,20000,20000,0.0001,0.0001,1213.4677138328552,3.9141030311584473,1.6515669425328572,1.2325911223888395,0.4700539857149124,6.6422534584999084,1.1584611535072329,0.5159450471401215,agnews_head_partition_control_F6_H8_D64_F6_seed582.csv
agnews_head_partition_control_F6,frozen_agnews_head_partition_control_F6,H8_D64,AG News,,sentence-transformers/all-MiniLM-L6-v2,6,583,0.964111328125,0.95693359375,0.9677734375,0.961328125,0.9677734375,0.96435546875,0.9572265625,True,True,True,True,0.4166666666666667,0.513888888888889,0.1666666666666666,0.0078125,384,512,6,8,64,512,3072,25447936,256,20000,20000,0.0001,0.0001,1203.7346312999723,4.5245537757873535,1.393197367588679,1.8437376817067463,0.4962554176648457,11.595532576243082,0.6766664584477743,0.7203110953172048,agnews_head_partition_control_F6_H8_D64_F6_seed583.csv
agnews_head_partition_control_F6,frozen_agnews_head_partition_control_F6,H8_D64,AG News,,sentence-transformers/all-MiniLM-L6-v2,6,584,0.96337890625,0.9560546875,0.965576171875,0.95869140625,0.965576171875,0.96337890625,0.9560546875,True,True,True,True,0.4166666666666667,0.513888888888889,0.1666666666666666,0.0078125,384,512,6,8,64,512,3072,25447936,256,20000,20000,0.0001,0.0001,1204.119253873825,3.6031863689422607,1.4499948024749756,1.7233548164367676,0.5077202717463175,13.41879121462504,0.4890980025132497,0.8024928371111552,agnews_head_partition_control_F6_H8_D64_F6_seed584.csv
agnews_head_partition_control_F6,frozen_agnews_head_partition_control_F6,H8_D64,AG News,,sentence-transformers/all-MiniLM-L6-v2,6,585,0.274169921875,0.12900390625,0.28955078125,0.1474609375,0.28955078125,0.274169921875,0.12900390625,False,False,False,False,0.4166666666666667,0.513888888888889,0.1666666666666666,0.0078125,384,512,6,8,64,512,3072,25447936,256,20000,20000,0.0001,0.0001,1225.0393650531769,6.330011367797852,1.498237316807111,1.2535857657591505,0.4668593257665634,6.785584966341655,1.093025118112564,0.5549121350049973,agnews_head_partition_control_F6_H8_D64_F6_seed585.csv
agnews_head_partition_control_F6,frozen_agnews_head_partition_control_F6,H8_D64,AG News,,sentence-transformers/all-MiniLM-L6-v2,6,586,0.399658203125,0.27958984375,0.392578125,0.27109375,0.392578125,0.399658203125,0.27958984375,False,False,False,False,0.4166666666666667,0.513888888888889,0.1666666666666666,0.0078125,384,512,6,8,64,512,3072,25447936,256,20000,20000,0.0001,0.0001,1235.64000415802,5.7353034019470215,1.7567846477031708,1.4289413889249163,0.5362110386292139,10.456212441126503,1.007942130168279,0.5855097025632858,agnews_head_partition_control_F6_H8_D64_F6_seed586.csv
agnews_head_partition_control_F6,frozen_agnews_head_partition_control_F6,H8_D64,AG News,,sentence-transformers/all-MiniLM-L6-v2,6,587,0.158203125,-0.0101562499999999,0.16845703125,0.0021484375,0.16845703125,0.17236328125,0.0068359375,False,False,False,False,0.4166666666666667,0.513888888888889,0.1666666666666666,0.0078125,384,512,6,8,64,512,3072,25447936,256,20000,20000,0.0001,0.0001,1235.3565242290497,3.499876022338867,0.649668425321579,0.9883452504873276,0.3464877679944038,2.43483396867911,1.5630780259768169,0.3234342435995738,agnews_head_partition_control_F6_H8_D64_F6_seed587.csv
agnews_head_partition_control_F6,frozen_agnews_head_partition_control_F6,H8_D64,AG News,,sentence-transformers/all-MiniLM-L6-v2,6,588,0.405517578125,0.28662109375,0.39453125,0.2734375,0.39453125,0.405517578125,0.28662109375,False,False,False,False,0.4166666666666667,0.513888888888889,0.1666666666666666,0.0078125,384,512,6,8,64,512,3072,25447936,256,20000,20000,0.0001,0.0001,1235.7939081192017,6.001952648162842,1.6912510295708971,1.5374695658683777,0.5242902090152105,9.796164194742838,0.9209558963775636,0.6220810810724894,agnews_head_partition_control_F6_H8_D64_F6_seed588.csv
agnews_head_partition_control_F6,frozen_agnews_head_partition_control_F6,H8_D64,AG News,,sentence-transformers/all-MiniLM-L6-v2,6,589,0.928955078125,0.91474609375,0.935791015625,0.92294921875,0.935791015625,0.928955078125,0.91474609375,True,True,True,True,0.4166666666666667,0.513888888888889,0.1666666666666666,0.0078125,384,512,6,8,64,512,3072,25447936,256,20000,20000,0.0001,0.0001,1235.3772838115692,6.263669967651367,1.5317764679590862,1.781808813412984,0.5122418204943339,16.640340725580852,0.4725380043188731,0.8070830404758453,agnews_head_partition_control_F6_H8_D64_F6_seed589.csv
agnews_head_partition_control_F6,frozen_agnews_head_partition_control_F6,H8_D64,AG News,,sentence-transformers/all-MiniLM-L6-v2,6,590,0.262451171875,0.11494140625,0.2646484375,0.117578125,0.2646484375,0.26318359375,0.1158203125,False,False,False,False,0.4166666666666667,0.513888888888889,0.1666666666666666,0.0078125,384,512,6,8,64,512,3072,25447936,256,20000,20000,0.0001,0.0001,1237.289077281952,3.7013907432556152,1.599558725953102,1.2483458419640858,0.4524634033441543,7.498700181643168,1.1030910710493724,0.5478537281354269,agnews_head_partition_control_F6_H8_D64_F6_seed590.csv
agnews_head_partition_control_F6,frozen_agnews_head_partition_control_F6,H8_D64,AG News,,sentence-transformers/all-MiniLM-L6-v2,6,591,0.23583984375,0.0830078125,0.234130859375,0.08095703125,0.234130859375,0.23583984375,0.0830078125,False,False,False,False,0.4166666666666667,0.513888888888889,0.1666666666666666,0.0078125,384,512,6,8,64,512,3072,25447936,256,20000,20000,0.0001,0.0001,1235.1004149913788,4.062934875488281,1.4506570398807526,1.2579504152139027,0.4066715041796366,9.063615997632343,1.1498323182264965,0.5361067603031794,agnews_head_partition_control_F6_H8_D64_F6_seed591.csv
agnews_head_partition_control_F6,frozen_agnews_head_partition_control_F6,H8_D64,AG News,,sentence-transformers/all-MiniLM-L6-v2,6,592,0.166015625,-0.0007812499999999,0.157470703125,-0.0110351562499999,0.157470703125,0.178466796875,0.01416015625,False,False,False,False,0.4166666666666667,0.513888888888889,0.1666666666666666,0.0078125,384,512,6,8,64,512,3072,25447936,256,20000,20000,0.0001,0.0001,1236.169630765915,3.574716806411743,0.7562283426523209,1.03865747153759,0.3884632562597592,3.415575822194417,1.4307403365770976,0.3712159693241119,agnews_head_partition_control_F6_H8_D64_F6_seed592.csv
agnews_head_partition_control_F6,frozen_agnews_head_partition_control_F6,H8_D64,AG News,,sentence-transformers/all-MiniLM-L6-v2,6,593,0.97119140625,0.9654296875,0.97607421875,0.9712890625,0.97607421875,0.97119140625,0.9654296875,True,True,True,True,0.4166666666666667,0.513888888888889,0.1666666666666666,0.0078125,384,512,6,8,64,512,3072,25447936,256,20000,20000,0.0001,0.0001,1234.8520948886871,3.1855270862579346,1.1382473806540172,1.4897195398807526,0.5327863345543543,8.00388491153717,0.6439585338036219,0.7360069255034128,agnews_head_partition_control_F6_H8_D64_F6_seed593.csv
agnews_head_partition_control_F6,frozen_agnews_head_partition_control_F6,H8_D64,AG News,,sentence-transformers/all-MiniLM-L6-v2,6,594,0.287353515625,0.14482421875,0.283447265625,0.14013671875,0.283447265625,0.2880859375,0.145703125,False,False,False,False,0.4166666666666667,0.513888888888889,0.1666666666666666,0.0078125,384,512,6,8,64,512,3072,25447936,256,20000,20000,0.0001,0.0001,1237.4276950359344,4.178239345550537,1.6432959934075673,1.17719562848409,0.4590845902760823,6.088229338328044,1.1618020633856456,0.5253118226925532,agnews_head_partition_control_F6_H8_D64_F6_seed594.csv
agnews_head_partition_control_F6,frozen_agnews_head_partition_control_F6,H8_D64,AG News,,sentence-transformers/all-MiniLM-L6-v2,6,595,0.17724609375,0.0126953125,0.165283203125,-0.0016601562499999,0.165283203125,0.17822265625,0.0138671875,False,False,False,False,0.4166666666666667,0.513888888888889,0.1666666666666666,0.0078125,384,512,6,8,64,512,3072,25447936,256,20000,20000,0.0001,0.0001,1236.7282927036283,3.271611452102661,0.9730435808499656,0.9925629794597626,0.3691879088679949,3.161764840284983,1.481662929058075,0.3590404391288757,agnews_head_partition_control_F6_H8_D64_F6_seed595.csv
agnews_head_partition_control_F6,frozen_agnews_head_partition_control_F6,H8_D64,AG News,,sentence-transformers/all-MiniLM-L6-v2,6,596,0.922119140625,0.90654296875,0.931884765625,0.91826171875,0.931884765625,0.922119140625,0.90654296875,True,True,True,True,0.4166666666666667,0.513888888888889,0.1666666666666666,0.0078125,384,512,6,8,64,512,3072,25447936,256,20000,20000,0.0001,0.0001,1236.222208738327,4.269949436187744,1.1930241187413533,1.5401811202367146,0.5388630131880442,9.633734464645386,0.6125354915857315,0.7382063865661621,agnews_head_partition_control_F6_H8_D64_F6_seed596.csv
agnews_head_partition_control_F6,frozen_agnews_head_partition_control_F6,H8_D64,AG News,,sentence-transformers/all-MiniLM-L6-v2,6,597,0.159423828125,-0.0086914062499999,0.171630859375,0.00595703125,0.171630859375,0.17822265625,0.0138671875,False,False,False,False,0.4166666666666667,0.513888888888889,0.1666666666666666,0.0078125,384,512,6,8,64,512,3072,25447936,256,20000,20000,0.0001,0.0001,1237.1818299293518,3.576150894165039,0.6560476173957189,0.9449319740136464,0.3429986486832301,2.2473822832107544,1.5600263873736064,0.323858231306076,agnews_head_partition_control_F6_H8_D64_F6_seed597.csv
agnews_head_partition_control_F6,frozen_agnews_head_partition_control_F6,H8_D64,AG News,,sentence-transformers/all-MiniLM-L6-v2,6,598,0.98681640625,0.9841796875,0.98876953125,0.9865234375,0.98876953125,0.98681640625,0.9841796875,True,True,True,True,0.4166666666666667,0.513888888888889,0.1666666666666666,0.0078125,384,512,6,8,64,512,3072,25447936,256,20000,20000,0.0001,0.0001,1236.1764726638794,1.5699025392532349,1.300445834795634,1.4911258816719055,0.5290599564711252,8.474490841229757,0.5791647930939993,0.7643004953861237,agnews_head_partition_control_F6_H8_D64_F6_seed598.csv
agnews_head_partition_control_F6,frozen_agnews_head_partition_control_F6,H8_D64,AG News,,sentence-transformers/all-MiniLM-L6-v2,6,599,0.2529296875,0.103515625,0.262451171875,0.11494140625,0.262451171875,0.260498046875,0.11259765625,False,False,False,False,0.4166666666666667,0.513888888888889,0.1666666666666666,0.0078125,384,512,6,8,64,512,3072,25447936,256,20000,20000,0.0001,0.0001,1236.901183605194,3.5322422981262207,1.618224894007047,1.334205190340678,0.42702350517114,9.34111378590266,1.1291806399822235,0.5352356632550558,agnews_head_partition_control_F6_H8_D64_F6_seed599.csv
agnews_head_partition_control_F6,frozen_agnews_head_partition_control_F6,H8_D64,AG News,,sentence-transformers/all-MiniLM-L6-v2,6,600,0.968505859375,0.96220703125,0.968994140625,0.96279296875,0.968994140625,0.968505859375,0.96220703125,True,True,True,True,0.4166666666666667,0.513888888888889,0.1666666666666666,0.0078125,384,512,6,8,64,512,3072,25447936,256,20000,20000,0.0001,0.0001,1235.0663130283356,3.0604984760284424,1.521876762310664,1.7732932567596436,0.5092087835073471,14.474303126335144,0.5332992523908615,0.7653592626253763,agnews_head_partition_control_F6_H8_D64_F6_seed600.csv
agnews_head_partition_control_F6,frozen_agnews_head_partition_control_F6,H8_D64,AG News,,sentence-transformers/all-MiniLM-L6-v2,6,601,0.4951171875,0.394140625,0.497802734375,0.39736328125,0.497802734375,0.4951171875,0.394140625,False,False,False,False,0.4166666666666667,0.513888888888889,0.1666666666666666,0.0078125,384,512,6,8,64,512,3072,25447936,256,20000,20000,0.0001,0.0001,1236.0337924957275,6.182754993438721,1.5668680469195049,1.3134454786777496,0.4503974070151647,8.90808391571045,0.7453945477803549,0.7042213678359985,agnews_head_partition_control_F6_H8_D64_F6_seed601.csv
agnews_head_partition_control_F6,frozen_agnews_head_partition_control_F6,H8_D64,AG News,,sentence-transformers/all-MiniLM-L6-v2,6,602,0.962646484375,0.95517578125,0.964111328125,0.95693359375,0.964111328125,0.962646484375,0.95517578125,True,True,True,True,0.4166666666666667,0.513888888888889,0.1666666666666666,0.0078125,384,512,6,8,64,512,3072,25447936,256,20000,20000,0.0001,0.0001,1235.214336156845,4.194440364837647,1.277014970779419,1.60229229927063,0.5097354352474213,10.92624306678772,0.5300269772609075,0.7827771504720052,agnews_head_partition_control_F6_H8_D64_F6_seed602.csv
agnews_head_partition_control_F6,frozen_agnews_head_partition_control_F6,H8_D64,AG News,,sentence-transformers/all-MiniLM-L6-v2,6,603,0.169677734375,0.00361328125,0.177001953125,0.01240234375,0.177001953125,0.1767578125,0.012109375,False,False,False,False,0.4166666666666667,0.513888888888889,0.1666666666666666,0.0078125,384,512,6,8,64,512,3072,25447936,256,20000,20000,0.0001,0.0001,1235.1122748851776,3.112014055252075,0.6478966275850931,0.9512936274210612,0.3272768457730611,1.982249562939008,1.611860473950704,0.3043583333492279,agnews_head_partition_control_F6_H8_D64_F6_seed603.csv
agnews_head_partition_control_F6,frozen_agnews_head_partition_control_F6,H8_D64,AG News,,sentence-transformers/all-MiniLM-L6-v2,6,604,0.826904296875,0.79228515625,0.832763671875,0.79931640625,0.832763671875,0.826904296875,0.79228515625,True,True,True,True,0.4166666666666667,0.513888888888889,0.1666666666666666,0.0078125,384,512,6,8,64,512,3072,25447936,256,20000,20000,0.0001,0.0001,1234.5663328170776,5.605691909790039,1.580920934677124,1.772856016953786,0.5100875894228617,17.892173965771992,0.4406122465928395,0.818968802690506,agnews_head_partition_control_F6_H8_D64_F6_seed604.csv
agnews_head_partition_control_F6,frozen_agnews_head_partition_control_F6,H8_D64,AG News,,sentence-transformers/all-MiniLM-L6-v2,6,605,0.333984375,0.20078125,0.317138671875,0.18056640625,0.317138671875,0.33740234375,0.2048828125,False,False,False,False,0.4166666666666667,0.513888888888889,0.1666666666666666,0.0078125,384,512,6,8,64,512,3072,25447936,256,20000,20000,0.0001,0.0001,1234.8060421943665,4.388699054718018,1.5992145935694375,1.2995083332061768,0.4957289546728134,8.404578983783722,1.1473786135514576,0.5160502394040426,agnews_head_partition_control_F6_H8_D64_F6_seed605.csv
agnews_head_partition_control_F6,frozen_agnews_head_partition_control_F6,H8_D64,AG News,,sentence-transformers/all-MiniLM-L6-v2,6,606,0.359619140625,0.23154296875,0.372802734375,0.24736328125,0.372802734375,0.360107421875,0.23212890625,False,False,False,False,0.4166666666666667,0.513888888888889,0.1666666666666666,0.0078125,384,512,6,8,64,512,3072,25447936,256,20000,20000,0.0001,0.0001,1235.1514184474945,4.023274898529053,1.041792983810107,1.165837327639262,0.4446747601032257,6.771126548449199,0.8771474858125051,0.6432525912920634,agnews_head_partition_control_F6_H8_D64_F6_seed606.csv
agnews_head_partition_control_F6,frozen_agnews_head_partition_control_F6,H8_D64,AG News,,sentence-transformers/all-MiniLM-L6-v2,6,607,0.775634765625,0.7307617187500001,0.7861328125,0.743359375,0.7861328125,0.775634765625,0.7307617187500001,True,True,False,True,0.4166666666666667,0.513888888888889,0.1666666666666666,0.0078125,384,512,6,8,64,512,3072,25447936,256,20000,20000,0.0001,0.0001,1234.953895330429,5.887258529663086,1.340116649866104,1.6801501711209614,0.4904341101646423,14.67116093635559,0.5736311972141266,0.7745853165785471,agnews_head_partition_control_F6_H8_D64_F6_seed607.csv
agnews_head_partition_control_F6,frozen_agnews_head_partition_control_F6,H8_D64,AG News,,sentence-transformers/all-MiniLM-L6-v2,6,608,0.95849609375,0.9501953125,0.96044921875,0.9525390625,0.96044921875,0.959716796875,0.95166015625,True,True,True,True,0.4166666666666667,0.513888888888889,0.1666666666666666,0.0078125,384,512,6,8,64,512,3072,25447936,256,20000,20000,0.0001,0.0001,1234.7135527133942,5.2739763259887695,1.4144387046496074,1.7010146776835124,0.5108183473348618,12.252682447433472,0.4632109304269154,0.8102572162946066,agnews_head_partition_control_F6_H8_D64_F6_seed608.csv
agnews_head_partition_control_F6,frozen_agnews_head_partition_control_F6,H8_D64,AG News,,sentence-transformers/all-MiniLM-L6-v2,6,609,0.834228515625,0.80107421875,0.833740234375,0.80048828125,0.833740234375,0.834228515625,0.80107421875,True,True,True,True,0.4166666666666667,0.513888888888889,0.1666666666666666,0.0078125,384,512,6,8,64,512,3072,25447936,256,20000,20000,0.0001,0.0001,1234.705783367157,5.038703918457031,1.4963117043177288,1.6624405185381572,0.5213299045960108,13.440596103668211,0.5346595148245493,0.7823997636636099,agnews_head_partition_control_F6_H8_D64_F6_seed609.csv
agnews_head_partition_control_F6,frozen_agnews_head_partition_control_F6,H8_D64,AG News,,sentence-transformers/all-MiniLM-L6-v2,6,610,0.157470703125,-0.0110351562499999,0.166015625,-0.0007812499999999,0.166015625,0.176513671875,0.01181640625,False,False,False,False,0.4166666666666667,0.513888888888889,0.1666666666666666,0.0078125,384,512,6,8,64,512,3072,25447936,256,20000,20000,0.0001,0.0001,1235.2051792144775,3.1779544353485107,0.7009793122609457,0.9524485419193904,0.354719266295433,2.353547215461731,1.547284205754598,0.3420074532429377,agnews_head_partition_control_F6_H8_D64_F6_seed610.csv
agnews_head_partition_control_F6,frozen_agnews_head_partition_control_F6,H8_D64,AG News,,sentence-transformers/all-MiniLM-L6-v2,6,611,0.972412109375,0.96689453125,0.96630859375,0.9595703125,0.96630859375,0.972412109375,0.96689453125,True,True,True,True,0.4166666666666667,0.513888888888889,0.1666666666666666,0.0078125,384,512,6,8,64,512,3072,25447936,256,20000,20000,0.0001,0.0001,1234.2551023960114,2.6170904636383057,1.3873024582862854,1.6032171448071797,0.5349141210317612,12.457579851150513,0.534755344192187,0.7772523164749146,agnews_head_partition_control_F6_H8_D64_F6_seed611.csv
agnews_head_partition_control_F6,frozen_agnews_head_partition_control_F6,H8_D64,AG News,,sentence-transformers/all-MiniLM-L6-v2,6,612,0.961669921875,0.95400390625,0.971435546875,0.96572265625,0.971435546875,0.96240234375,0.9548828125,True,True,True,True,0.4166666666666667,0.513888888888889,0.1666666666666666,0.0078125,384,512,6,8,64,512,3072,25447936,256,20000,20000,0.0001,0.0001,1234.235958814621,3.2226710319519043,1.27278729279836,1.567959765593211,0.5227967550357183,10.440771261850992,0.5780399938424429,0.7585515379905701,agnews_head_partition_control_F6_H8_D64_F6_seed612.csv
agnews_head_partition_control_F6,frozen_agnews_head_partition_control_F6,H8_D64,AG News,,sentence-transformers/all-MiniLM-L6-v2,6,613,0.882568359375,0.85908203125,0.8828125,0.859375,0.8828125,0.883056640625,0.85966796875,True,True,True,True,0.4166666666666667,0.513888888888889,0.1666666666666666,0.0078125,384,512,6,8,64,512,3072,25447936,256,20000,20000,0.0001,0.0001,1234.981784105301,9.923932075500488,1.4627534051736195,1.6875911156336467,0.4816968242327372,15.449332396189371,0.4854362954696019,0.8025366465250651,agnews_head_partition_control_F6_H8_D64_F6_seed613.csv
agnews_head_partition_control_F6,frozen_agnews_head_partition_control_F6,H8_D64,AG News,,sentence-transformers/all-MiniLM-L6-v2,6,614,0.179443359375,0.01533203125,0.17236328125,0.0068359375,0.17236328125,0.179443359375,0.01533203125,False,False,False,False,0.4166666666666667,0.513888888888889,0.1666666666666666,0.0078125,384,512,6,8,64,512,3072,25447936,256,20000,20000,0.0001,0.0001,1235.1885862350464,3.334747076034546,0.9535949677228928,0.9481521199146906,0.3531849185625712,2.9730263352394104,1.495871384938558,0.3657366434733073,agnews_head_partition_control_F6_H8_D64_F6_seed614.csv
agnews_head_partition_control_F6,frozen_agnews_head_partition_control_F6,H8_D64,AG News,,sentence-transformers/all-MiniLM-L6-v2,6,615,0.796142578125,0.75537109375,0.798095703125,0.75771484375,0.798095703125,0.796875,0.75625,True,True,False,True,0.4166666666666667,0.513888888888889,0.1666666666666666,0.0078125,384,512,6,8,64,512,3072,25447936,256,20000,20000,0.0001,0.0001,1234.924364566803,7.935419082641602,1.6289235452810924,1.7158626317977903,0.4656527439753214,16.178927421569824,0.5609844624996185,0.7643262445926666,agnews_head_partition_control_F6_H8_D64_F6_seed615.csv
agnews_head_partition_control_F6,frozen_agnews_head_partition_control_F6,H8_D64,AG News,,sentence-transformers/all-MiniLM-L6-v2,6,616,0.822021484375,0.78642578125,0.828369140625,0.79404296875,0.828369140625,0.822021484375,0.78642578125,True,True,True,True,0.4166666666666667,0.513888888888889,0.1666666666666666,0.0078125,384,512,6,8,64,512,3072,25447936,256,20000,20000,0.0001,0.0001,1237.6652433872223,6.041125297546387,1.4160155355930328,1.869850277900696,0.4956999768813451,16.924197514851887,0.5805832693974177,0.7480557858943939,agnews_head_partition_control_F6_H8_D64_F6_seed616.csv
agnews_head_partition_control_F6,frozen_agnews_head_partition_control_F6,H8_D64,AG News,,sentence-transformers/all-MiniLM-L6-v2,6,617,0.814697265625,0.77763671875,0.8115234375,0.773828125,0.8115234375,0.814697265625,0.77763671875,True,True,True,True,0.4166666666666667,0.513888888888889,0.1666666666666666,0.0078125,384,512,6,8,64,512,3072,25447936,256,20000,20000,0.0001,0.0001,1231.2338426113129,4.5789103507995605,1.4217945834000905,1.8304253816604612,0.5066752831141154,14.64851721127828,0.6415889859199524,0.7318988740444183,agnews_head_partition_control_F6_H8_D64_F6_seed617.csv
agnews_head_partition_control_F6,frozen_agnews_head_partition_control_F6,H8_D64,AG News,,sentence-transformers/all-MiniLM-L6-v2,6,618,0.18115234375,0.0173828125,0.176513671875,0.01181640625,0.176513671875,0.18115234375,0.0173828125,False,False,False,False,0.4166666666666667,0.513888888888889,0.1666666666666666,0.0078125,384,512,6,8,64,512,3072,25447936,256,20000,20000,0.0001,0.0001,1190.8746304512024,3.191143751144409,1.1186546732982,0.9564851174751916,0.3619463418920834,3.504370470841726,1.4299167394638062,0.3926749775807063,agnews_head_partition_control_F6_H8_D64_F6_seed618.csv
agnews_head_partition_control_F6,frozen_agnews_head_partition_control_F6,H8_D64,AG News,,sentence-transformers/all-MiniLM-L6-v2,6,619,0.985595703125,0.98271484375,0.992431640625,0.99091796875,0.992431640625,0.98681640625,0.9841796875,True,True,True,True,0.4166666666666667,0.513888888888889,0.1666666666666666,0.0078125,384,512,6,8,64,512,3072,25447936,256,20000,20000,0.0001,0.0001,1182.8132417201996,1.78148090839386,1.2878993153572085,1.574716091156006,0.5202703028917313,8.542147080103556,0.6336035629113516,0.7419730325539907,agnews_head_partition_control_F6_H8_D64_F6_seed619.csv
